Model_ID,Seating_Config,Cargo_Vol,Configurations
aasijetcruzer,"Typical accommodation for six including pilot. Can be configured for ambulance, cargo and other utility work. Optional aft lavatory.",,
aeaexplorer,"350R - Seating for nine (including pilot) in a passenger configuration. Cargo volume 7.08m3 (250cu ft).
500T - Seating for eleven (including pilot) in a passenger configuration. Cargo volume 7.08m3 (250cu ft).",,
aermacchif260,"Typical seating for two side by side, plus rear seat capable of seating one adult or two small children.",,
aeroboeroab95115150180,"Accommodation for one pilot and two passengers, or three/four passengers in initial AB-180 model. Ag aircraft fitted with ventral tank pod (for approx 270 litres/60Imp gal) and spray bars.",,
aeronca11chief,Accommodation for pilot and passenger side by side.,,
aeronca7champion,7 - Pilot and single passenger in tandem.,,
aerospatialealouetteiilama,Typical seating for five. Lama can lift a 1135kg (2500lb) external sling load.,,
aerospatialealouetteiii,"Typical seating for seven, with two passengers and pilot on front bench seat and four on rear bench seat. In aerial ambulance configuration accommodates pilot, two medical attendants and two stretcher patients.",,
aerospatialebritishaerospaceconcorde,Two pilots and flight engineer on the flightdeck. Accommodation for 128 passengers at four abreast with 86cm (34in) pitch in main cabin. Max seating for 144 at 81cm (32in) pitch.,,
aerospatialen262fregatemohawk298,Flightcrew of two and max seating for 29 passengers at three abreast. Standard seating layout for 26 passengers.,,
aerospatialesa330puma,"Crew of one or two pilots on flightdeck, plus jumpseat. Passenger configurations in main cabin range from 8, 10 or 12 seat executive layouts, or for 17 to 20 passengers in an airline arrangement. A 3200kg (7055lb) external sling load can be carried.",,
aerospatialesa341342gazelle,Maximum of five people including pilot. Rear seat can be folded down to accommodate freight.,,
aerospatialesa360361365cdauphin,"Standard accommodation for 10, including one pilot, in three seat rows, with pilot and two passengers in front row, four passengers in centre row and three passengers in rear row. Max seating for 14. Executive configurations can seat four to six passengers. As an air ambulance accommodates four stretcher patients and a medical attendant.",,
aerospatialesn601corvette,"Flightcrew of one or two pilots. Main cabin seating for between six and 14 passengers, depending on operator preference. Galley and toilets were available optionally. Alternative configurations for ambulance, freighter, navigation aid calibration and photography missions offered.",,
agustaa109,Total accommodation for eight people including one pilot. In medevac configuration two stretchers and two medical attendants.,,
agustaa119koala,One pilot and passenger on flightdeck. Main cabin seats six in standard configuration. In an EMS configuration can accommodate two stretcher patients.,,
airtractorseries,"One pilot and for AT-503A and AT-802 passenger or observer. Various size chemical spray hoppers, ranging in capacity from 1210 litres (AT-301) and 1515 litres (AT-401) upwards.",,
airbusa300600,"Flightcrew of two. Typical two class arrangement for 26 premium class passengers at six abreast and 240 economy class passengers at eight abreast. The A300-600 and 600R can carry 22 LD3 containers in forward and aft belly cargo holds. 
A300-600F total payload 55,017kg (121,290lb).",,
airbusa300600stsupertransporter,"The A300-600ST's max payload of 47 tonnes (103,615lb) is unlikely to be fully utilised, as the emphasis of the design is on volume rather than payload. The internal main cabin volume is 1400m3 (49,442cu ft), and can carry a range of oversize components, such as a fully equipped A330 or A340 wing shipset, or two A320/321 wing shipsets, or two A310 fuselage sections (front & rear).",,
airbusa300b2b4,Flightcrew of two pilots and a flight engineer. Seating for between 220 and 336 single class passengers in main cabin. Typical two class arrangement for 20 business class and 230 economy class passengers. Belly cargo compartments can carry 20 LD3 containers.,,
airbusa310,Flightcrew of two. Max passenger capacity at nine abreast 280. Typical two class arrangement for 20 passengers at six abreast and 192 economy class passenger eight abreast. Cargo capacity in fore and aft underfloor compartments can hold 2.44 x 3.17m (88 x 125in) pallets or a total of up to 14 LD3 containers.,,
airbusa318,"Flightcrew of two. Standard seating for 107 passengers (eight premium class at four abreast and 97cm/38in pitch, 99 economy class at six abreast and 81cm/32in pitch). Single class seating for 117 at 81cm (32in) pitch at six abreast.",,
airbusa319,Seating for 124 passengers in a typical two class configuration (eight premium class and 116 economy class). High density single class layout can seat 142 passengers.,,
airbusa319cj,Flightcrew of two. Six standard layouts offering seating from 10 to 39 passengers.,,
airbusa320,Flightcrew of two. Main cabin can accommodate a maximum of 179 passengers in a high density layout. Typical two class seating arrangement for 12 passengers at four abreast and 138 at six abreast. Seven LD3 derived LD3-46 containers or palletised cargo can be stored in the underbelly forward (four) and rear (three) freight holds.,,
airbusa321,"Flightcrew of two. Maximum passenger accommodation in a high density layout of 220 passengers. Passenger accommodation in a typical two class arrangement consists of 16 passengers at four abreast, and 170 passengers at six abreast.",,
airbusa330200,Flightcrew of two. Passenger seating arrangements for 256 in three classes or 293 in two classes. Front and rear underbelly cargo holds can take 26 LD3 containers or six freight pallets and passenger baggage.,,
airbusa330300,Flightcrew of two. Passenger seating arrangements for 295 in three classes or 335 in two class (30 premium class at 2+3+2 and 305 economy at 2+4+2). Max passengers in high density configuration 440. Front and rear underbelly cargo holds can take 32 LD3 containers or 11 pallets.,,
airbusa340200300,"Flightcrew of two. 
A340-200 - Typical three class arrangement for 263 pax, or 303 in two classes. 
A340-300 - Typical three class accommodation for 303, or 335 in two classes. Fore and aft underbelly holds can accommodate LD3 containers or pallets.",,
airbusa340500600,A340-500 - Flightcrew of two. Typical three class seating for 316 passengers. A340-600 Typical three class seating for 372.,,
airbusa380,"A380-800 - Flightcrew of two. Standard seating for 555 passengers on two decks in a three class arrangement. Qantas plans to fit its aircraft with 523 seats (in three classes). A380 has 49% more floor area but only 35% more seats (in 555 seat configuration) than the 747-400, allowing room for passenger amenities such as bars, gymnasiums and duty free shops. Cargo capacity 38 LD3s or 13 pallets.",,
americanchampionbellancaseries,Two in tandem. Scout can be fitted for crop spraying.,,
antonovan12shaanxiy8,"Flightcrew consisting of two pilots, a flight engineer, radio operator and navigator housed (the latter in the glazed nose). Can be arranged to accommodate 14 passengers plus freight, with military versions carrying up to 90 troops. Max payload 20,000kg (44,090lb).",,
antonovan124ruslan,"Flightcrew of six consisting of two pilots, two flight engineers, navigator and communications operator. Upper deck behind the flightdeck area features a galley, rest room and two relief crew cabins. Upper deck area behind the wing can accommodate up to 88 passengers. Main deck cargo compartment can carry a range of bulky and oversized cargos. The An-124's total payload in weight is 150 tonnes (330,695lb).",,
antonovan140,An-140 - Flightcrew of two. Typical passenger seating for 52 at four abreast and 75cm (30in) pitch or 48 at 81cm (32in) pitch. Forward starboard freight door allows 1900 to 3650kg (4188 to 8046lb) of palletised freight and 36 or 20 passengers to be carried in a combi configuration.,,
antonovan22antei,"Flightcrew of up to six, comprising two pilots, navigator, flight engineer and a communications specialist. Up to 29 passengers can be accommodated on the upper deck behind the cockpit. The unpressurised main cabin can house a range of oversize payloads such as main battle tanks. Total An-22 payload is 80,000kg (176,350lb).",,
antonovan225mriya,Maximum load: 551150lbs (250000kg),,
antonovan24263032xiany7,"Flightcrew of two pilots and flight engineer, plus optional accommodation for a radio operator. Seating arrangements for up to 50 passengers at four abreast. Max payload 5500kg (12,125lb).",,
antonovan38,"Flightcrew of two. Standard passenger seating for 26 at three abreast, optionally 27 seats at 75cm (29in) pitch.",,
antonovan7274,"Flightcrew of three (two pilots and a flight engineer) for the An-72. An-74 also has provision for a radio operator. Main cabin designed primarily for freight, in which role it can carry a payload of 10 tonnes (22,045lb) including four UAK2.5 containers, or four 2.5 tonne (5510lb) PAV2.5 pallets. An-72 can seat 68 on removable seats, while the An-74 when configured for combi passenger/freight tasks can carry eight support crew.",,
antonovpzlmielecan2,"Flightcrew of one or two pilots. Passenger accommodation for 12 at three abreast. Agricultural versions have large chemical hoppers (1400 litres/308Imp gal/370US gal of liquid chemical or 1200kg/2645lb of dust in the An-2S, or 1960 litres/430Imp gal/517US gal for the An-2M) with spray bars along the lower wing.",,
antonovpzlmielecan28,Flightcrew of two. Typical passenger seating for 17 at three abreast and 72cm (28in) pitch. High density seating for 20.,,
atratr42,"Flightcrew of two. Maximum passenger accommodation for 50, 48 or 46 at 76cm (30in) pitch and four abreast. Typical seating arrangement for 42 at 81cm (32in) pitch. 
ATR-42 Cargo - Nine containers with a 4000kg payload.",,
atratr72,"Flightcrew of two. Max seating for 74 passengers at four abreast and 76cm (30in) pitch. More typical seating for between 64 and 70 passengers, with seat pitch starting from 81cm (32in). With larger forward freight door fitted it can accommodate a payload of 7200kg (15,875lb) in 13 containers. ATR-52C - 7500kg (16,535lb) payload comprising pallets or five LD3 containers.",,
austerjseries,"Two pilots side by side, plus room for one or two passengers, depending on model type. Most J/5s seat four.",,
aviata1husky,Typical accommodation for two in tandem.,,
aviationtradersatl98carvair,Flightcrew of two. Maximum seating in a passenger configuration for 85 at five abreast at 86cm (34in) pitch. When used as a car ferry it was typically outfitted to carry five cars plus 22 passengers in the rear cabin.,,
ayresthrushrockwellthrushcommander,"Pilot only, S2R offered with an optional second seat. S2R chemical hopper capable of holding 1514 litres or 1487kg of chemicals.",,
bac111oneeleven,"Flightcrew of two. 
Srs 200/300/400/475 - Single class seating for up to 89 passengers. 
Srs 500 - Typical seating for 97-109 passengers, max seating for 119.",,
baesystemsavrorjx85100,"Flightcrew of two.
RJX85 - Typical seating for 85 at five abreast or 100 at six abrest.
RJX100 - Typical seating for 100 at five abreast or 112 at six abreast.",,
beagleb121pup,"100 - Two side by side, plus two children behind. 
150 - Three adults and one child.",,
beagleb206,Eight comprising one or two pilots plus six passengers behind them.,,
beech18,Most Beech 18s seat two crew and seven to nine passengers in main cabin. Volpar Turboliner conversion seats up to 15.,,
beech192324musketeersierrasportsundowner,All versions seat four. Additional seating for two children in Musketeer Super III.,,
beech2000starship1,Flightcrew of one or two pilots. Standard passenger layout for eight in 2000 or six in 2000A.,,
beech35bonanza,"Models 35 through to J35 seat four people, K35 optional fifth passenger, later models from S35 onwards six people.",,
beech60duke,Standard seating for four with optional fifth and sixth seats and toilet.,,
beech65708088queenair,"One or two pilots and up to nine passengers in commuter configuration, or six passengers in executive transport role.",,
beech76duchess,Seats for four.,,
beech77skipper,Two seated side by side.,,
beech99airliner,Flightcrew of one or two. Typical passenger accommodation for 15 at two abreast. Baggage stowed in nose compartment and underbelly cargo pod.,,
bell204205214b,"204B - Total accommodation for 10 people, including one or two pilots, or 1360kg (3000lb) of freight. 205A1 - Total accommodation for 15 including one or two pilots plus 1815kg (4000lb) of cargo internally, or 2270kg (5000lb) externally on a sling load. Air ambulance configuration for six stretchers and one or two medical attendants.",,
bell206jetranger,"Total accommodation for five, including one pilot and one passenger in the front, and three behind them on the rear bench seat. Max internal payload (Model 206B) 635kg (1400lb), max external sling load 680kg (1500lb).",,
bell206llongranger,"Total seating for seven, including five passengers in main rear cabin, or four in an optional executive layout. Can accommodate two stretchers and two medical attendants in aerial ambulance configuration. External sling load capacity of 907kg (2000lb).",,
bell206lttwinrangertridairgeminist,"Typical seating for seven, including pilot, in three rows (2+2+3). Executive configuration has club seating for four in main cabin.",,
bell212twintwotwelve,"Total seating for 15, including one or two pilots. Max weight on an external sling load 2270kg (5000lb).",,
bell214stsupertransport,Pilot and copilot and up to 16 or 17 passengers. Freight volume of 8.95m3 (316cu ft). Can carry an external sling freight load of 3630kg (8000lb).,,
bell222230,"Standard seating for eight, including pilot, in four rows. Alternatively four in main cabin in club configuration.",,
bell407,"Typical seating configuration for seven comprising pilot and passengers, with five passengers in main cabin. Max hook capacity 1200kg (2645lb).",,
bell412,"Total seating for 15, including one or two pilots. Maximum weight of an external sling load 2040kg (4500lb).",,
bell427,"Pilot and up to seven passengers (in a 2+3+3 arrangement), or pilot and passenger side by side with seating for four in a club configuration in main cabin. In medevac configuration two stretcher patients and two medical attendants.",,
bell430,"Typical seating configuration for 10 comprising pilot and passenger, with eight passengers in main cabin behind them in three rows of seats. Six and eight place executive layouts offered. In EMS role can carry one or two stretcher patients with four or three medical attendants respectively. Max hook capacity 1585kg (3500lb).",,
bell47,47G - Pilot and two passengers on a single bench seat. 47J Ranger - One pilot and three passengers.,,
bellagustaba609,To be certificated for single pilot IFR operation. Main cabin seats six to nine passengers depending on configuration. Could also be configured for search and rescue/medevac.,,
berievbe200,"Flightcrew of two. In firefighting configuration can uplift 12 tonnes (26,460lb) of water. Alternative seating for 68 economy class, or 10 to 32 first class passengers, with a seating pitch up to 102cm (40in). Ambulance configuration seats seven medical attendants and 30 stretcher patients. Can carry 8 tonnes (17,635lb) of freight in cargo configuration.",,
berievbe3032,"Flightcrew of two. Typical passenger arrangements for 14 (Be-30) to max 17 (Be-32) at two abreast. Corporate shuttle configuration seats seven. Ambulance configuration can accommodate nine stretcher patients, six seated patients and one medical attendant. Baggage hold volume Be-30 forward 0.3 + 0.3m3 (10.6 + 10.6cuft), aft 1.6m3 (56.5cuft), Be-32 1.33m3 (47cuft).",,
boeing707,"Flightcrew of three or four. 
707-120 max seating for 179, or 110 in two classes (44 first and 66 economy).
707-320B - Max seating for 219, or 189 single class at 81cm (32in) pitch, or 147 in two classes. 
Convertible or freighter versions - 13 A type containers.",,
boeing717,Flightcrew of two. Typical two class seating for 106 passengers at five abreast in main cabin. Single class seating for 117.,,
boeing720,"Flightcrew of three comprising two pilots and a flight engineer. Typical seating for 112 in two classes, max seating for 149, later approved (for Eastern Air Lines) for 165.",,
boeing727100,"Flightcrew of three (two pilots and flight engineer). Typical two class seating for 94, max seating for 131.",,
boeing727200,"727-200 - Max seating for 189 at six abreast and 76cm (30in) pitch, typical two class seating for 14 premium class and 131 economy class passengers.
727-200F - Typical max payload comprises 11 2.23m x 3.17m (7ft 4in x 10ft 5in) pallets.",,
boeing737100200,"Flightcrew of two. 
737-100 - Typical single class seating for 100. 
737-200 - Typical single class seating for 115, max seating for 130 at 74cm (29in) pitch.
737-200C/QC payload 15,545kg (34,270lb), consisting of pallets or containers.",,
boeing737300,"Flightcrew of two. Typical two class seating for 128 (eight premium class four abreast and 120 economy class six abreast), standard one class seating for 141 at six abreast and 81cm (31in) pitch, max seating for 149 at 76cm (30in) pitch.",,
boeing737400,"Flightcrew of two. Typical two class seating for 146 (eight premium, 138 economy), typical all economy for 159 at 81cm (32in) pitch, or max seating for 188.",,
boeing737500,"Flightcrew of two. Typical two class seating for 108 (eight first and 100 economy), or max single class seating for 132 at 76cm (30in) pitch.",,
boeing737600700,"Flightcrew of two. 
737-600 - 110 passengers in two classes or 132 in a single class. 
737-700 - 126 in two classes or 149 in a single class.",,
boeing737700800bbjbbj2,"Flightcrew of two. 
BBJ - Main cabin interiors to customer preference. Typical configuration includes a crew rest area, forward lounge, private suite with double bed and private bathroom facilities including shower, 12 first class sleeper seats at four abreast and 152cm (60in) pitch, and rear galley and bathroom facilities. Alternatively rear cabin can seat 24 passengers at two abreast and feature a conference area or exercise gym, or up to 63 passengers at six abreast.",,
boeing737800900,"Flightcrew of two. 
737-800 - Typical two class seating for 162 with 12 first class passengers at four abreast and 91cm (36in) pitch and 150 economy class at six abreast and 81cm (32in) pitch. Max single class seating for 189 at 76cm (30in) pitch.
737-900 - Typical two class seating for 177, with 12 first class at four abreast and 91cm (36in) pitch, max seating for 189 in a single class at 81cm (32in) pitch.",,
boeing747100200,"Flightcrew of three (two pilots and flight engineer). Seating arrangements include 397 in three classes, 452 in two classes (32 first & 420 economy), all economy seating for 447 nine abreast or up to 500 ten abreast. 747-200F - Max payload of 112,400kg (247,800lb) consisting of containers, pallets and/or igloos.",,
boeing747300,"747-300 - Flightcrew of three, with two pilots and one flight engineer. Typical two class seating arrangement for 470 (50 business class including 28 on the upper deck and 370 economy class).",,
boeing747400,"747-400 - Flightcrew of two. Typical three class seating for 416 (23 first, 78 business and 315 economy class pax). Cargo hold 170.5m3 (6025cuft) or 151m3 (5332cuft). 
747-400 Domestic - Two class seating for 568 (24 first and 544 economy).
747-400 Combi - Typical arrangement for six or seven pallets and 266 three class passengers. 
747-400ER - Same as -400, but cargo hold 158.6m3 (5599cuft) or 137m3 (4837cuft).
747-400F - 30 pallets on the main deck and 32 LD1 containers in the lower hold.",,
boeing747sp,"Flightcrew of three comprising two pilots and one flight engineer. Max high density single class seating for 440, typical two class seating for 28 first class and 288 economy class passengers",,
boeing757200,"Flightcrew of two. 757-200 - Typical passenger arrangements vary from 178 two class (16 first & 162 economy), or 202 (12 first & 190 economy) or 208 (12 first and 196 economy) or 214 to 239 in all economy class. 757-200PF - Maximum of 15 standard 2.24 x 2.74m (88 x 108in) freight pallets on main deck.",,
boeing757300,"Flightcrew of two. Typical two class arrangement seats 240 passengers, comprising 12 premium class at 91cm (36in) pitch and 228 economy class at 81cm (32in) pitch. Max seating for 289 passengers in a high density configuration 71-74cm (28-29in) pitch.",,
boeing767200,"Flightcrew of two, or optionally three. Typical two class seating for 18 premium and 198 economy class pax. Max seating for 290 at eight abreast and 76cm (30in) pitch. Underfloor cargo holds can accommodate up to 22 LD2 containers.",,
boeing767300,"Flightcrew of two. Typical three class layout for 210, two class 269 (24 premium & 245 economy seven abreast) max seating for 350 at eight abreast. Underfloor capacity for 20 LD2s.",,
boeing767400,"Flightcrew of two. Typical three class arrangement for 245 passengers, comprising 20 first class at 152cm (60in) pitch, 50 business at 97cm (38in) and 175 economy at 81cm (32in).",,
boeing777200,Flightcrew of two. Passenger seating for 305 in three classes or up to 440. Underfloor capacity for up to 32 LD3 containers.,,
boeing777300,"Flightcrew of two. Typical passenger accommodation for 386 (30 first, 84 business and 254 economy) to 394 in three class arrangements, 400 to 479 in two class arrangements or up to 550 in an all economy high density configuration. Underfloor capacity for 20 standard LD3 containers or eight 2.55 x 3.17m (96 x 125in) pallets.",,
boeing7878dreamliner,"Flightcrew of two. Passenger seating is typically between 210 and 250 depending on customer layout.
Underfloor cargo capacity for up to 28 LD3 containers.",,
boeingb17flyingfortress,"Normal crew of six to ten. Bomb-aimer's compartment in extreme nose. Pilot's compartment seating two side-by-side with dual controls in front of leading-edge of wing. Aft of pilot's position is an upper electrically-operated two-gun turret. Radio-operator's position amidships. Two gun positions aft of the wings, one-two gun electrically-operated beneath the fuselage and one position in the extreme tail.",,
boeingc97stratofreighter,"Flightcrew of two pilots, flight engineer, and, in military service, a navigator and radio operator. When configured for passengers can seat more than 100 (Stratocruisers in airline service typically seated 55).",,
boeingcommercialchinook,"Two pilots on flightdeck. Seating for 44 at four abreast in main cabin. Combi versions seat between eight and 32 with rear cabin loaded with freight, or between 22 and 32 with freight on one side of main cabin. Max internal load of LR and MLR models 9070kg (20,000lb), ER and UT models 8730kg (19250lb). Max external sling load 12,700kg (28,000lb).",,
boeingmdexplorer,One pilot and passenger on front bucket seats with six passengers in main cabin in club seating arrangement. Max seating for 10 (including pilot). Alternatively can be configured with stretchers and seating for medical attendants.,,
boeingstearman,"Typical seating for two in tandem, or single pilot only when used for agricultural work.",,
boeingvertolkawasakikv107,"Flightcrew of two. Typical seating for 23 to 25 passengers in airliner configuration, or 12 passengers and freight in combi configuration. Executive configuration seats six to 11 passengers in main cabin.",,
bombardierbd100challenger300,"Flightcrew of two. Typical cabin arrangement for eight, with a two seat lounge opposite two facing seats, with club seating for four behind them, or double club seating. Features a forward wardrobe, refreshment centre and toilet. A high-density interior for 15 pax is also available.",,
bombardierbd700globalexpress,"Flightcrew of two plus one or two flight attendants. Typical arrangements seat from eight to 18 passengers. Can be fitted with a galley, crew rest station, work stations, a conference/lounge/dining area, a stateroom with a fold out bed, toilet, shower and wardrobe. High density 30 seat corporate shuttle configuration offered.",,
bombardierlearjet45,Flightcrew of two. Main cabin seating for eight to 10 passengers in a corporate configuration.,,
bombardierlearjet5560,55 - Flightcrew of two. Six different main cabin arrangements offered with seating ranging from four to eight. 60 - Flightcrew of two. Optional seating arrangements for six to nine passengers.,,
brantlyb2305,B2 series has seating for two side by side. 305 has seating for five with two forward individual seats and rear bench seat for three.,,
bristol170freighter,"Mk31 - Payload of 5670kg (12,500lb), or alternatively seating for 15 to 23 passengers, depending on configuration. 
Mk32 - could seat up to 60 passengers.",,
britishaerospaceatp,Flightcrew of two. Typical one class seating for 64 to 68 in ATP or 70 in Jetstream 61 at four abreast and 79cm (31in) pitch. Combi versions can take passengers and freight.,,
britishaerospaceavrorj7085100,"Flightcrew of two. 
RJ-70 - Single class seating for alternatively 70 passengers at 84cm (33in) pitch five abreast, or 82 passengers six abreast in a 84cm (33in) pitch configuration, or up to 94 six abreast at 74cm (29in) pitch.
RJ85 - Max seating in passenger cabin for 112 at six abreast and 74cm (29in) pitch. More typical seating configuration for 85 at five abreast and 84cm (33in) pitch.
RJ100 - Maximum seating of 128 passengers at six abreast and 74cm (29in) pitch. Seating arrangements also for 100 at 84cm (33in) pitch and five abreast, and 116 at six abreast.",,
britishaerospacebae146,"Flightcrew of two. 
146-100 - Single class seating for alternatively 70 passengers at 84cm (33in) pitch five abreast, or 82 passengers six abreast in a 84cm (33in) pitch configuration, or up to 94 six abreast at 74cm (29in) pitch.
146-100QT - capable of carrying standard size pallets or LD3 containers.
146-200 - Max seating in passenger cabin for 112 at six abreast and 74cm (29in) pitch. More typical seating configuration for 85 at five abreast and 84cm (33in) pitch.
146-200QT - Six standard LD3 containers. Max payload 11,827kg (26,075lb).
146-200QC - Max payload 10,039kg (22,132lb).
146-300 - Maximum seating of 128 passengers at six abreast and 74cm (29in) pitch. Seating arrangements also for 100 at 84cm (33in) pitch and five abreast, and 116 at six abreast.
146-300QT - Standard 2.74 x 2.24m (108 x 88in) pallets, or LD3 containers. Max payload of 12,490kg (26,075lb).",,
britishaerospacejetstream31super31,"Flightcrew of two. Main cabin seating for up to 19 at three abreast and 79cm (31in) pitch, or 12 passengers in a corporate shuttle configuration, or nine in an executive layout.",,
britishaerospacejetstream41,"Flightcrew of two. Main cabin seating for up to 29 at three abreast, seating for 27 with galley. Corporate shuttle configured J41s seat 16 at two abreast.",,
brittennormanbn2islander,"Flightcrew of two pilots or pilot and passenger on flightdeck, with seating for eight in main cabin. Air ambulance accommodates three stretcher patients and two medical attendants.",,
brittennormanbn2amk3trislander,Usually one pilot and passenger on flightdeck. Seating for 16 passengers two abreast at 79cm (31in) pitch in main cabin.,,
canadaircl215415,"Flightcrew of two, plus accommodation in special missions variants for a third flightdeck member, a mission specialist and two observers. Passenger configuration for 30 at 79cm (31in) pitch, or in a combi configuration for 11, with firebombing tanks retained and freight in forward fuselage. Fire retardant payload capacity of 6123kg (13,500lb).",,
canadaircl44yukon,"Flightcrew of two pilots and one flight engineer. CL-44D-4 - Max single class seating for 160 passengers (or 189 in the CL-44J). Max payload 29,959kg (66,048kg).",,
canadaircl600challenger600,"Flightcrew of two. Various customer seating options including 14, 15, 17 or 18 passenger configurations.",,
canadaircl600challenger601604,"Flightcrew of two. Various seating options available depending on customer preference, maximum permissible seating for 19.",,
canadaircl600regionaljetcrj100200,Flightcrew of two. Typical one class seating for 50 at four abreast and 79cm (31in) pitch. Max seating for 52. Corporate Jetliner corporate shuttle configurations seat from 18 to 30.,,
canadaircl600regionaljetcrj700,Flightcrew of two. Typical main cabin seating for 70 passengers at 79cm (31in) pitch and four abreast. Optionally can seat 72 or 78 passengers.,,
capaviationcap102021230231232,"Two side by side in CAP-10, all others pilot only.",,
casac212aviocar,"Flightcrew of two. Max passenger seating for 26, typical layout for 22 passengers at three abreast. Freighter version can accommodate three LD3 containers or two LD2s or two LD727/DC-8s. Max payload 2700kg (5950lb).",,
casaiptncn235,Flightcrew of two. Passenger accommodation in airliner version for 45 four abreast. Quick change convertibles can carry mixtures of passengers and LD2 or LD3 containers. Cargo version can carry four LD3s or five LD2s or palletised freight.,,
cessna150152,Typical seating for two side by side.,,
cessna170,Typical seating for four.,,
cessna172skyhawkearlymodels175skylark,Typical seating for four in all models.,,
cessna172skyhawklatermodels,Typical seating for four in all models.,,
cessna172rsskyhawk,Typical seating for four.,,
cessna177cardinal,Typical seating for four.,,
cessna180185skywagon,"180 has standard seating for four, 180 Skywagon and 185 have seating for six. 180H has optional 1360kg (3000lb) cargo pod. Often used with rear seats removed for cargo work. 185 AgCarryall is fitted with a 571 litre (126Imp gal/151US gal) chemical hopper.",,
cessna182skylane,Typical seating for four. Some models had optional jump seat for an extra two children.,,
cessna188agwagonseries,Pilot only in all models. Standard hopper capacity of 757 litres (166Imp gal/200US gal) for Agwagon & AgPickup; AgTruck & AgHusky have a 1059 litre (233Imp gal/280US gal) capacity.,,
cessna205206207,"205 & 206 seat six, 207 seats seven or eight.",,
cessna208caravanigrandcaravancargomaster,"208A - Pilot and typically nine passengers, or up to 14 with an FAA FAR Part 23 waiver. Cargo capacity 1360kg (3000lb). 
208B - Passenger accommodation same. Cargo capacity for 1587kg (3500lb). 
Grand Caravan - One pilot and up to 14 passengers.",,
cessna210centurion,"Typical seating for four with optional seating for extra two children in some models, or seating for six adults in later versions.",,
cessna310320,"310 - Five to six seats.
320 - Six to seven seats",,
cessna336337skymaster,Typical seating for six. Optional underbelly cargo pod.,,
cessna340335,"Typical seating for six, including one pilot.",,
cessna404titan,"Pilot and copilot on flightdeck, seating for eight in main cabin.",,
cessna411401402,"411 & 401 - Standard seating for six with a centre aisle between the four main cabin seats. 
402 - Six to eight seats in corporate configured Businessliner, 10 seats or freight in Utililiner.",,
cessna421414,"Standard seating for six, optional seating for eight in 421 and 414A, seven in 414.",,
cessna500501citationcitationicitationisp,"Two pilots for Citation and Citation I, single pilot for Citation I/SP. Optional main cabin layouts for five, six or seven passengers.",,
cessna560citationvultraultraencore,V - Typical seating for eight passengers. Ultra/Ultra Encore - Standard seating arrangements for seven or eight passengers.,,
cessna560xlcitationexcel,Flightcrew of two. Choice of four interior configurations with seating for up to 10 passengers in main cabin.,,
cessna680citationsovereign,"Flightcrew of two. Typical seating for eight passengers in a double club arrangement, max seating for 12.",,
cessnacitationiibravo,"S/II - Flightcrew of two. Main cabin can be optionally configured to seat 10, but standard interior layout for six. Can be configured as an air ambulance with one or two stretchers and up to four medical attendants. Bravo - Standard seating for seven with max seating for 10 in main cabin.",,
cessnacitationiiivivii,"Flightcrew of two. Typical main passenger cabin seating for six, or optionally up to nine.",,
cessnacitationx,"Flightcrew of two. Main cabin seating for up to 12 passengers seated on individual seats and couches in a high density configuration. Other interiors to customer preference, including eight passenger seats in a double club arrangement.",,
cessnacitationjetcj1cj2,"CitationJet & CJ1 - Two flightdeck positions, one for pilot, other for a copilot or passenger. Main cabin seats five in standard layout. CJ2 - Main cabin seats six in standard club arrangement.",,
cessnacorsairconquestiiicaravanii,"425 - Typical accommodation one or two pilots and four passengers in corporate configured main cabin, optional passenger seating for six. 441 - One or two pilots and up to nine passengers.",,
cessnat303crusader,"Normal seating for pilot and five passengers with central aisle between seats. Can be configured with a club seating arrangement for four in the main cabin, or for aerial ambulance or freighter work.",,
chichestermilesleopard,"Standard seating for four, but could alternatively be equipped for the medevac role with a pilot, stretcher patient and medical attendant.",,
cirrussr2022,Typical seating for four.,,
commander114b,Typical seating for four.,,
convair2403404405405806006405800,"240 - Flightcrew of two or three. Passenger seating for up to 40, or a 4240kg (9350lb) payload.
340 - Flightcrew of two or three. Passenger seating for up to 52, or a 6075kg (13,391lb) payload. 
440 - Flightcrew of two or three. Passenger seating for up to 52, or a 5820kg (12,836lb) payload.
580 - Flightcrew of two or three. Passenger seating for up to 56 at four abreast and 76cm (30in) pitch.",,
curtissc46commando,"Flightcrew of two pilots and optional flight engineer. Typical accommodation for freight, but in an airliner configuration can seat 36, or in military configuration 50 troops.",,
dassaultfalcon2000,"Flightcrew of two. Main cabin seating typically for eight passengers, or up to 12 in a high density layout.",,
dassaultfalcon50,"Flightcrew of two pilots. A number of cabin seating arrangements offered. Seating for eight or nine with aft toilet, or for up to 12 with forward toilet. Max accommodation for 19. Can accommodate three stretchers, two medical attendants and medical equipment in a medevac role.",,
dassaultfalcon900,"Flightcrew of two. Main passenger cabin seating for between eight and 15 passengers, or up to 18 in a high density configuration.",,
dassaultmystrefalcon10100,"Flightcrew of two on flightdeck. Main cabin is typically configured to seat four in an executive club seating arrangement. Main cabin can seat up to seven in Falcon 10 or eight in Falcon 100 in a high density layout. Can be configured for air ambulance, aerial photography and navaid calibration missions.",,
dassaultmystrefalcon20200,"Flightcrew of two. Typical main cabin seating for between eight and 10 passengers, optionally for as many as 14 in a high density configuration.",,
dehavillandcanadadash7,"Flightcrew of two. Max seating for 54 at four abreast and 74cm (29in) pitch, 50 passengers at 81cm (32in) pitch. In freighter configuration can carry five standard pallets.",,
dehavillandcanadadhc1chipmunk,Seating for two in tandem. Two were modified for crop spraying and fitted with a chemical hopper in place of the front cockpit.,,
dehavillandcanadadhc3otter,"Flightcrew of one or two. Normal main cabin seating for nine passengers, max seating for 10. As an aerial ambulance can carry six stretchers and four passengers or three stretchers and seven passengers.",,
dehavillandcanadadhc4caribou,"Flightcrew of two. Can carry almost four tonnes (8000lb) of cargo in freighter configuration, or seat approximately 30 passengers.",,
dehavillandcanadadhc6twinotter,"Flightcrew of two. Standard regional airliner interior seats 20 at three abreast and 76cm (30in) pitch. Can be configured as an executive transport, freighter, aerial ambulance and survey aircraft.",,
dehavillandcanadadhc8100200dash8,"Flightcrew of two. Typical passenger seating for 37 at four abreast and 79cm (31in) pitch, max seating for 40.",,
dehavillandcanadadhc8300dash8,Flightcrew of two. Standard single class seating for 50 passengers at four abreast and 81cm (32in) pitch.,,
dehavillandcanadadhc8400dash8,Flightcrew of two. Can seat 70 passengers at 79cm (31in) pitch or 78 at 76cm (30in) pitch in a single class arrangement.,,
dehavillandcanadadhc2beaver,Standard seating for eight including the pilot. The `AgBeaver' is fitted with a 0.99m3 (35cu ft) chemical hopper.,,
dehavillanddh104dove,"Flightcrew of two pilots. Main cabin seating for eight passengers, max cabin seating for 11 in a modified cabin arrangement.",,
dehavillanddh114heron,Flightcrew of two. Typical main cabin seating for 14 at two abreast with a central aisle. Alternative seating for 15 or 17. Executive versions with seating for eight.,,
dehavillanddh82tigermoth,Seating for two in tandem open cockpits. Flown solo from rear cockpit due to weight and balance considerations.,,
diamondda40diamondstar,Standard seating for four.,,
diamondda42twinstar,Standard seating for four.,,
dornier228,Flightcrew of two. 100 - Typical passenger seating for 15. 212 - Typical passenger seating for 19 at two abreast and 76cm (30in) pitch. 228212 based 228 Cargo has a max payload of 2340kg (5159lb). 212 based ambulance accommodates six stretchers and up to nine attendants or passengers.,,
dornier328,"Flightcrew of two. Typical passenger seating for 30 to 33 at three abreast, max seating for 39 at four abreast.",,
dornierdo27,Pilot and passenger side by side with between four and six passengers behind them. Can carry freight with rear seats removed.,,
dornierdo28128,One or two pilots on flightdeck and seating in main cabin for 10 or 12 seats two abreast with a centre aisle.,,
douglasdc3,Flightcrew of two. Seating for between 28 and 32 passengers at four abreast or 21 three abreast.,,
douglasdc4,"Flightcrew of three, standard passenger seating for 44, max seating for 86. Most surviving aircraft configured as freighters.",,
douglasdc6,"DC-6 - Flightcrew of three or four. Passenger accommodation typically for between 48 to 56, but most aircraft now usually equipped to carry freight. 
DC-6B - Typical passenger seating for 54, with max seating for 102, but now usually configured for freight.",,
douglasdc7,"Flightcrew of three. In passenger configurations most standard length DC-7s seated 99 in a high density single class layout, stretched DC-7Cs seated up to 105 passengers. Capacity of DC-7F conversion of the DC-7B is 15,700kg (34,600lb).",,
douglasdc81020304050,"Flightcrew of three. Mixed class seating for 132, typical all economy seating for 144, or up to 179 in high density single class layout. A number of aircraft are converted for VIP/executive use. Freighter versions can carry approximately 15 tonnes (34,000lb) of cargo consisting of pallets or containers.",,
douglasdc86070,"Flightcrew of three. Max seating capacity 259 or standard seating for between 180 and 220 in Series 61, 63, 71 & 73. Super 62 & 72 standard seating for 189. Super 60 and 70 freighters payload between 40,405kg (89,000lb) and 49,585kg (109,217lb).",,
ehindustrieseh101,Flightcrew of two. Main cabin seating for 30 at four abreast and 76cm (30in) pitch. Equipped with galley and toilet.,,
embraeremb110bandeirante,"Flightcrew of two. Typical passenger seating for 18 at three abreast, max seating for 21 at 74cm (29in) pitch.",,
embraeremb120brasilia,Flightcrew of two. Standard main cabin seating for 30 at three abreast and 79cm (31in) pitch. Optional passenger seating for 24 or 26 with greater baggage/cargo space. Alternative interior arrangements for executive and cargo roles.,,
embraeremb121xingu,"Xingu I - Flightcrew of one or two, plus typical main cabin seating for five or six passengers. Xingu II - Flightcrew of two. Main cabin seating for seven, eight or nine passengers, depending on customer preference.",,
embraererj135140legacy,"Flightcrew of two. 
ERJ-135 - Standard seating for 37 passengers at three abreast.
ERJ-140 - Standard seating for 44 passengers at three abreast.",,
embraererj145,Flightcrew of two. Standard passenger accommodation for 50 at three abreast and 79cm (31in) pitch. Alternative seating for 48 or 49 with wardrobe fitted.,,
embraererj170175190195,"Flightcrew of two.
ERJ-170 - Standard seating for 70 at four abreast.
ERJ-175 - Standard seating for 78.
ERJ-190 - Standard seating for 98.
ERJ-195 - Standard seating for 108.",,
enstromf28280480,"Three seats in the F-28 and 280, five seats in 480. Can also be fitted with agricultural spraying gear.",,
ercoercoupeandderivatives,Seating for two side-by-side.,,
eurocopteras332superpuma,"Flightcrew of one (VFR ops), or two (IFR ops) pilots. AS 332 seating for 17, AS 332L and AS 332L2 max seating for 24.",,
eurocopteras350ecureuil,"Standard seating for six, including two forward seats and a four place rear bench seat.",,
eurocopteras355ecureuil2,"Standard seating for six, including two forward seats and a four place rear bench seat. Can be configured for police, ambulance, EMS and media missions.",,
eurocopteras365ndauphin2ec155,"One pilot (VFR) or two pilots (IFR), and max seating for 13 passengers (with one pilot). Standard passenger seating for eight or nine. 
EC-155 - Standard seating for 14 including one or two pilots.",,
eurocopterbo105ecsuperfive,"Total seating for five, including two pilots or one pilot and passenger in front bucket seats, and three passengers on rear bench seat. Behind rear seats and below the engine is a freight/baggage compartment, accessible by two clamshell doors in the rear of the fuselage.",,
eurocopterec120colibri,"Typical seating for five, with pilot and passenger side by side with three passengers on rear bench seat. Could be configured for special missions roles. Max sling load 700kg (1543lb).",,
eurocopterec135635,"Designed for single pilot operation. Alternative cabin layouts are for five (two forward & three rear) or seven (two + three + two) in passenger roles. Alternative EMS layouts for one stretcher, three medical attendants and the pilot, or two stretchers, two attendants and pilot. Stretchers loaded through rear freight door.",,
eurocopterkawasakibk117,"One pilot and max seating for 10 passengers. Executive configuration seats six, standard MBB/Eurocopter configuration seats seven, standard Kawasaki version seats nine. Can be equipped for search and rescue, EMS and police work with various appropriate internal configurations.",,
extra230300200,"300 and 200 seat two, 230 and 300S seat pilot only.",,
fairchildaerospacemetroiiiii23,Flightcrew of two. Passenger seating for 19 at two abreast and 76cm (30in) pitch. Merlin IV and 23 also seat 12 to 14 passengers in a corporate configuration. The Expediter I and 23 are freighters.,,
fairchilddornier328jet,"Flightcrew of two. Standard seating for 32 to 34 passengers three abreast at 79cm (31in). 
Envoy 3 seats 12 to 14 in a typical corporate configuration, or up to 19.",,
fairchilddornier728,"Flightcrew of two, cabin crew of two. 728 - typical seating for 70 to 85 passengers at five abreast.
528 - 55-65 passengers.
928 - 95 to 110 passengers.
Envoy 7 - two flightcrew, one flight attendant, and 14-18 passenger seats.",,
fairchildswearingenmerlin,"IIB - Flightcrew of one or two, with typical main cabin seating for six in executive layout or up to eight. III - Seating in main cabin for up to 11, or eight in a corporate configuration. Merlin IV seats up to 12 passengers in main cabin in a corporate configuration.",,
ffaas202bravo,"Two pilots side by side, plus one passenger in rear.",,
fokker100,"Flightcrew of two. Max single class high density seating for 122. Standard single class seating for 107 at five abreast and 81cm (32in) pitch. Two class seating for 12 first class passengers at four abreast and 91cm (36in) pitch, and 85 economy class passengers; or 55 business class at five abreast and 86cm (34in) pitch, and 50 economy class pax. Fokker 100QC Quick Change max payload of 11,500kg (25,353lb), comprising five LD9/LD7 containers and one half size container, or up to 11 LD3 containers.",,
fokker50,Flightcrew of two. Standard seating for 50 at four abreast and 81cm (32in) pitch. Max high density seating for 58. Available with convertible passenger/freight configurations.,,
fokker70,Flightcrew of two. Standard single class passenger accommodation for 79 at five abreast at 81cm (32in) pitch. Fokker Executive Jet 70 interiors were fitted to customer requirements.,,
fokkerf27fairchildf27fh227,"Flightcrew of two. Seating for 44 at four abreast and 76cm (30in) pitch in original fuselage length versions (Mks 100, 200, 300, 400, 600 & F-27). Standard seating for 52 and max seating for 60 at 72cm (28.5in) pitch in Mk 500. FH-227 seats 52 at 79cm (31in) pitch, or a maximum of 56.",,
fokkerf28fellowship,"Flightcrew of two. Max seating for 85 at five abreast and 74cm (29in) pitch in Mk 4000, or 65 in Mk 3000. Mk 3000 offered with a 15 seat executive interior.",,
fujifa200aerosubaru,Typical seating for four.,,
gafn22n24nomad,Accommodation for two pilots although certificated for single pilot operation. Seating in main cabin at two abreast for 12 (N22) or 16 (N24). Searchmaster B patrol aircraft is fitted with a Bendix RDR 1400 search radar and has a normal crew of four. The more sophisticated Searchmaster L has a Litton LASR (AN/APS504) search radar with 360 degree coverage in an undernose radar.,,
gippslandga200fatman,Seating for two side-by-side. Hopper capacity 800 litres (211US gal/176Imp gal).,,
gippslandga8airvan,Single pilot and passenger side-by-side with up to six passengers in the main cabin behind them. Main cabin can also configured to carry freight.,,
grobg115,Standard seating for two.,,
grobgf200,"GF 200 standard seating for four with bizjet style leather seats and interior. GF 200/6 to seat six, GF 300 to seat six, and GF 350 to seat six to eight.",,
grummanamericanaa1,Typical seating for two.,,
grummanamericanaa5,Standard seating for four.,,
grummang1159gulfstreamiiiii,"Flightcrew of two. Main cabin seating for up to 19 in G-II or 21 in G-III in a high density configuration, or eight to 12 in a typical corporate configuration.",,
grummang159gulfstreami,"I - Flightcrew of two. Typical corporate layouts seat between 10 and 14 passengers. Commuter airliner seating for 19 or high density seating for up to 24. 
IC - Flightcrew of two. Seating for between 32 and 38 at three abreast.",,
grummang164agcat,Usually pilot only. Hopper capacity 1514 litres (400US gal/333Imp gal). Some converted with a second cockpit for joyflights.,,
grummang21goose,"Flightcrew of two. Main cabin passenger seating for six or seven in piston engined Goose, TurboGoose seats up to 12.",,
grummang44widgeon,"Maximum accommodation for six, including pilot.",,
grummang64111albatross,Flightcrew of two. G-111 civil conversion seats 28 passengers in main cabin at 81cm (32in) pitch.,,
grummang73mallard,Crew of two. Main cabin seating for up to 10 passengers. Many aircraft used as executive transports with customised interiors.,,
gulfstreamaerospacegivgulfstreamiv,"Flightcrew of two. Main cabin seating for between 14 and 19, plus flight attendant. 
SRA-4 special missions version can also be configured for freight work.",,
gulfstreamaerospacegvgulfstreamv,"Flightcrew of two. Typical passenger load of eight but seats 15 to 19. Typically equipped with a crew rest room, a business work station with Satcom, computer and fax, a dining/conference area with seating for four, a three seat couch that converts into a bed, five other reclining seats, two galleys and a restroom fitted with a toilet and shower.",,
gulfstreamaerospacejetpropturbocommander,Pilot and passenger or copilot on flightdeck. Main cabin seating for six to eight. Jetprop 1000 can seat 10 in main cabin.,,
handleypageherald,"Flightcrew of two. Series 100 max passenger seating for 47, series 200 max seating for 56. Last survivor configured for freight work, series 200 max payload 5100kg (11,240lb).",,
harbiny1112,"Flightcrew of two. Main cabin seats six to eight passengers in Y-11. Y-12 can seat up to 17 at three abreast and 75cm (30in) pitch in Y-12-II, and 19 in Y-12-IV.",,
hawkersiddeleyhs125123400600,Flightcrew of two. Various optional interior configurations offered depending on customer preference. Max main cabin seating for 12 in Srs 400 or 14 in Srs 600.,,
hawkersiddeleyhs748,"Flightcrew of two. Typical seating for between 48 and 51 passengers, at four abreast and 76cm (30in) pitch. Max seating for 58.",,
heliocourier,"Early models up to the H250 could seat four, the H395 five or six, the H250 and subsequent models six.",,
hilleruh12,"Seating for three on a bench seat, or for four (two forward and two behind) in UH12E4 and 12E4T.",,
hindustanadvancedlighthelicopter,"Flightcrew of two. Main cabin seating for 10 to 14, depending on configuration. Max external sling load army variant 1000kg (2205lb), naval variant 1500kg (3307lb).",,
hondaha420hondajet,"Two crew plus four passengers, or one crew plus five passengers.",,
iaiarava,"Flightcrew of two. Seating for 19 passengers four abreast in an airline configuration in 101B, 20 in 102 and 24 in 201. 201 can carry 2350kg (5184lb) of freight. 102 can carry up to 12 passengers in an executive configuration, other configurations offered include aerial ambulance, mapping and mineral exploration.",,
iaiwestwind,"Flightcrew of two. Standard seating for seven in typical corporate layout, max seating for 10. Many configured as freighters.",,
ilyushinil103,"Seating for four or five, with rear bench seat for either two or three.",,
ilyushinil114,Flightcrew of two. Seating for 64 at four abreast and 75cm (30in) pitch.,,
ilyushinil14,"Standard passenger seating in Il-14P for 18 or 24, and 24 or up to 36 in Il-14M. Il-14G and Il-14T are freighters.",,
ilyushinil18,"Flightcrew of five comprising two pilots, flight engineer, navigator and radio operator. Initial Il-18s seated 75, the Il-18B 84, Il-18C 90 to 100, Il-18D and Il-18E 110 or max 122.",,
ilyushinil62,"Flightcrew of five comprising two pilots, flight engineer, navigator and radio operator. Max seating for 174 in Il-62M, 186 in Il-62 and 195 in Il-62MK at six abreast in two cabins. Alternative configurations include 114 at five abreast, or 85 first class passengers.",,
ilyushinil76,"Flightcrew of five including two pilots, flight engineer, navigator and radio operator, plus two freight handlers. Il-76MP firefighting conversion can carry 44 tonnes (97,000lb) of fire retardant in two tanks.",,
ilyushinil86,"Flightcrew of three comprising two pilots and flight engineer, with provision for a navigator. Max seating for 350 at nine abreast. Mixed two class seating for 234 comprising 28 six abreast in forward cabin and 206 eight abreast in other two cabins. Lower deck freight holds can accommodate up to 16 standard LD3 containers if some lower deck carry on baggage racks are omitted.",,
ilyushinil96300,"Flightcrew of three, comprising two pilots and flight engineer. Basic single class seating for 300 at nine abreast in two cabins. Three class arrangement seats 235 comprising 22 first class at six abreast and 102cm (40in) pitch, 40 business class at eight abreast and 90cm (35in) pitch, and 173 economy class at nine abreast and 87cm (34in) pitch. Forward lower freight hold accommodates six LD3 containers or pallets (9000kg/19,840lb), rear hold accommodates 10 LD3s or pallets (15,000kg/33,070lb).",,
ilyushinil96mil96t,"Flightcrew of two. Three class seating for 18 first class passengers at 152cm (60in) pitch, 44 business class at 92cm (36in) pitch and 250 economy class at 86cm (34in) pitch. Two class seating for 85 business class and 250 economy class passengers. Single class seating for 375 passengers in three separated cabins seating 124, 162 and 89. Underfloor freight holds can accommodate up to 32 standard LD3 containers. Il-96T Freighter can carry max payload of 92 tonnes (202,820lb) with international standard containers or pallets.",,
iptnn250,"Flightcrew of two. Typical accommodation in N25050 for 50 to 54. N250100 will seat up to 62 to 64 passengers at four abreast at 81cm (32in) pitch, 68 at 76cm (30in) pitch, or 60 at 81cm (32in) with optional extra cargo.",,
israeliai1125astragulfstreamg100,"Flightcrew of two. Typical executive seating for six passengers, with max seating for nine.",,
israeliai1126galaxygulfstreamg200,"Flightcrew of two. Seating for eight or more in executive style arrangements, or up to 18 in a three abreast corporate shuttle configuration.",,
kamank1200kmax,Accommodates pilot only but certificated with fuselage side mounted external seats (one either side). Designed to lift external loads such as Bambi firefighting buckets. The K-Max's maximum hook lifting capability is 2720kg (6000lb).,,
kamovka26ka226,Ka-26 - Seating for eight including one pilot and passenger separated from modular main cabin which seats six. For agwork can be fitted with a 900kg (1985lb) capacity hopper and spraybars in place of cabin. In air ambulance configuration can accommodate two stretchers and three seated casualties or medical attendants. For freight work it can carry a sling load or be operated with an open platform in place of the cabin module.,,
kamovka32,"Pilot and navigator on flightdeck. Main cabin seats 16 passengers, or can be configured for freight carriage or as an air ambulance. Max internal payload is 4000kg (8820lb), max sling load weight is 5000kg (11,025lb).",,
kestrelk250,K250A - Typical seating for four. K250D - Seating for six or freight.,,
lakela4buccaneerrenegade,Normal seating for four in LA4 and Buccaneer; Renegade and Turbo Renegade seat six.,,
lancairlc40columbia300350400,Standard seating for four.,,
learjet2324252829,"23/24 - Flightcrew of two. Max seating in main cabin for six, typical seating for four. 
25/28 - Flightcrew of two. Main cabin seating for up to eight passengers. 
29 - Flightcrew of two and seating for six passengers.",,
learjet313536,"Flightcrew of two. Seating for up to eight in main cabin in 35 and 31, or up to six in 36A. Some aircraft configured as package freighters.",,
letl200morava,"Typical accommodation for four or five, with pilot and passenger in individual seats and two or three passengers on rear bench seat.",,
letl40metasokol,Initial production aircraft had seating for three with a single passenger seated behind pilot and passenger. Late production had seating for four.,,
letl410l420,"Flightcrew of two. Typical commuter passenger seating for 17 or 19 at three abreast. Executive version seats 15 plus flight attendant. Cargo version equipped to handle special containers. Air ambulance version configured for six stretcher patients and six sitting passengers, either injured or medical attendants.",,
letl610,"Flightcrew of two. Standard seating for 40 passengers at three abreast and 76cm (30in) pitch. Combi mixed passenger/freight and all freight layouts available, the latter can carry six pallets.",,
lockheedjetstar,Flightcrew of two. Typical seating for eight to 10 passengers.,,
lockheedl100hercules,"L-100-30 - Flightcrew of three or four. Max payload of 23,158kg (51,054lb) comprising pallets or containers.",,
lockheedl1011tristar150100150200250,"Flightcrew of three. Max seating for 400 in an all economy configuration at 10 abreast and 76cm (30in) pitch. Typical two class seating for 256, with six abreast premium class seating and nine abreast in economy. Underfloor holds can accommodate 16 standard LD3 containers.",,
lockheedl1011tristar500,Flightcrew of three. Max seating for 330 in a single class 10 abreast layout at 76cm (30in) pitch. Typical two class seating for 24 premium class at six abreast and 222 economy at nine abreast. Underfloor cargo holds can accommodate 19 standard LD3 freight containers.,,
lockheedl188electra,"Flightcrew of three. Single class seating for up to 104 passengers. Most aircraft now configured as freighters, max payload weight is approximately 12 tonnes (26,000lb).",,
luscombemodel8silvaire,Seating for two side by side,,
luscombespartan,Standard seating for four.,,
maulem4tom7,"Standard seating for four, M-7-235 has seats for five.",,
mcdonnelldouglasdc10boeingmd10,"Flightcrew of three. Max seating for 380 passengers at nine abreast and 81cm (32in) pitch. Mixed class seating arrangements vary between 250 and 270. 
DC-10-30F - 23 pallets on main deck.",,
mcdonnelldouglasdc9102030,"Flightcrew of two. 
10 - Seating for 80 in a single class at five abreast and 86cm (34in) pitch. Max seating for 90. 
30 - Max seating for 115 in a single class, five abreast and 81cm (32in) pitch, standard single class seating for 105.
30CF - can carry over eight cargo pallets.",,
mcdonnelldouglasdc94050,"Flightcrew of two. 
40 - Seating for up to 125 passengers at five abreast. 
50 - Seating up to 139 passengers at five abreast and 79cm (31in) pitch.",,
mcdonnelldouglasmd11,"Flightcrew of two. 
MD-11 - Max single class seating for 410, can seat 298 in three classes, 323 in two. 
MD-11C - Two class seating for 204 and four pallets on main deck.",,
mcdonnelldouglasmd81828388,"Flightcrew of two. Max seating for 172. Typical two class seating for 142, comprising 14 premium and 128 economy class pax.",,
mcdonnelldouglasmd87,"Flightcrew of two. Max single-class seating for 139. Typical two class seating for 109, comprising 12 premium and 97 economy class pax.",,
mcdonnelldouglasmd90,"Flightcrew of two. Two class seating for 12 premium class and 141 economy class passengers in MD-90-30, or max single class seating for 172. MD-90-55 max single class seating for 187.",,
mdhelicoptersmd500530,"Typical seating for five, two in front bucket seats including pilot, and three on rear bench seat. Alternatively can accommodate two stretchers and medical attendant, plus pilot.",,
mdhelicoptersmd520n,"Standard seating for pilot and four passengers, with pilot and passenger on front bucket seats, and three passengers on rear bench seat.",,
mdhelicoptersmd600n,"Typical seating for eight, with pilot and passenger on bucket seats, and two bench seats for three people each in the main cabin.",,
milmi26,"Flightcrew of four comprising two pilots, flight engineer and navigator, plus loadmaster. Four seat passenger compartment behind flightdeck. Main cabin typically accommodates freight (max payload 20 tonnes/44,090lb), but can seat 63 passengers at four abreast. Firefighting version can carry 7500 litres (1650Imp gal/1980US gal) of fire retardant. Medical version comprehensively equipped with operating theatre and accommodation for stretcher patients and medical attendants.",,
milmi34,"Typical seating for four, including one pilot. Mi-34 VAZ can accommodate stretcher in rear cabin instead of seats.",,
milmi817,"Flightcrew of two, with provision for flight engineer. Primarily used for freight transport, internal and/or with external sling loads. Can carry up to 32 passengers in Mi-8, or 24 in Mi-8T. Mi-8 Salon executive version seats 11 passengers. As air ambulance can accommodate 12 stretchers.",,
millicerm10airtourer,Seating for two side by side.,,
mitsubishimu2,"Flightcrew of one or two. Short fuselage models had typical seating for seven in main cabin, longer fuselage models up to 11. Many aircraft in various corporate configurations, or used as freighters.",,
mooneym20tom20g,Typical seating for four.,,
mooneym20jtom20s,Standard seating for four.,,
namcys11,Flightcrew of two. Typical single class seating in main cabin for 60 at four abreast and 86cm (34in) pitch. The combi YS11A300 accommodates freight in the forward portion of the main cabin with seating for 46 behind that.,,
noorduynnorseman,V - Pilot and up to nine passengers on bench seats. Often configured for freight.,,
northamericanrockwell100darterlarkcommander,Typical seating for four.,,
northamericanryannavion,"North American and Ryan Navions typically seat four, while Navion Rangemasters typically seat pilot and four passengers.",,
pacificaerospacect4airtrainer,"Normally two seats side by side, with space for optional third seat or baggage behind.",,
pacificaerospacefletcherfu24cresco,"Typical arrangement seats pilot and passenger, and chemical hopper (capacity 1210 litres/265Imp gal/319US gal in FU-24-954, 1770 litre/391Imp gal/470US gal in Cresco). Can also be configured for freight work, or as a passenger aircraft can seat six in rear compartment (earlier models can seat five or six passengers).",,
partenaviap68,"Standard seating arrangement for seven, comprising one pilot and six passengers, or two pilots and five passengers.",,
piaggiop166,Flightcrew of one or two and standard seating for eight or nine in main cabin in airliner configuration. Max seating for 12 in P-166C. Executive configuration seats five or six with toilet and bar. Air ambulance can carry two stretchers and two medical attendants.,,
piaggiop180avanti,Flightcrew of one or two (certificated for single pilot operation). Max seating in main cabin for nine in high density airliner configuration. Standard seating for seven in individual seats. Executive/VIP seating for five.,,
pilatuspc12,Flightcrew of one or two pilots (certificated for single pilot). Seating for nine in main cabin in regional airliner configuration. Corporate/executive transport configurations typically seat six in main cabin. Combi passenger/freight version seats four passengers in main cabin plus freight pallet.,,
pilatuspc6porterturboporter,"Pilot and passenger on flightdeck, with standard seating for six in main cabin. Max seating for 11 including pilot. Alternative layouts include two stretchers and three medical attendants, or 10 skydivers. Some equipped for agricultural spraying.",,
pipercub,"Typical seating for two in tandem in the J-2 and J-3 Cub, J-4 Cub Coupe and PA-11 Cub Special, three in the J-5 Cub Cruiser and PA-12 Super Cruiser, and four in the PA-14 Family Cruiser.",,
piperpa18supercub,Typical seating for two in tandem.,,
piperpa2022pacertripacercaribbeancolt,"Pacer and Tri-Pacers (including Caribbean) typically seat four, while the Colt seats two side by side. Seaplane versions of the Tri-Pacer could seat three.",,
piperpa23apacheaztec,"Apache seats four. Aztec first model seats five, later Aztecs seat six.",,
piperpa24comanche,"Standard seating for four, Comanche B and C could have optional fifth and sixth seats.",,
piperpa25pawnee,"Seating for pilot only, but can be fitted with an optional jump seat. 
PA-25-235 - Hopper capacity 568 litres (150US gal/125Imp gal), or 545kg (1200lb).",,
piperpa28cherokeeseries,"Seating for four, two in some dedicated trainer versions.",,
piperpa28rcherokeearrow,Typical seating for four.,,
piperpa3039twincomanche,"Typical seating for four, including pilot in Twin Comanche. Up to six including pilot in Twin Comanche B.",,
piperpa31chieftainmojavet1020t1040,"Standard seating in Mojave for seven, including one pilot and passenger, or two pilots on flightdeck, with seating for five behind them. Chieftain has max seating for 10.",,
piperpa31navajopressurizednavajo,"Configured to seat six (including pilot) in standard and executive layouts, and eight in commuter layout.",,
piperpa31tcheyenne,"Cheyenne II, I, IA, and IIXL typically seat six, including pilot, or optionally eight.",,
piperpa32cherokeesixlancesaratoga,"Standard seating for six, some with an optional seventh seat.",,
piperpa34seneca,Seating for six in all but Seneca V which seats five or optionally six.,,
piperpa36pawneebrave,"Seating for pilot only, but can be fitted with an optional jump seat. 
PA-36-375 - Hopper capacity 1041 litres (275US gal/229Imp gal), or 1000kg (2200lb).",,
piperpa38tomahawk,Seating for two side by side.,,
piperpa42cheyenneiii400,"One or two pilots on flightdeck, with main cabin seating for between six and nine passengers. Typical seating for six in main cabin in corporate configuration.",,
piperpa44seminole,Typical seating for four.,,
piperpa46malibumeridian,"Typical seating for pilot and five passengers. Pilot and four passengers with optional entertainment/refreshment console with drinks cooler, storage and VCR and flat panel monitor.",,
piperpa46malibumalibumirage,Typical seating for pilot and five passengers.,,
piperpa60aerostar,Typical seating for six.,,
pittss12special,"S-1 series seats pilot only. 
S-2 series seats two, except for S-2S which seats pilot only.",,
pzlmielecm18dromader,"M-18 seats pilot only.
M-18A has second seat for a ground loader or mechanic behind the pilot.
M-18AS and BS have a second cockpit with instrumentation for an instructor. 
M-18B hopper capacity of 2500 litres (550Imp gal/660US gal) of liquid or 2200kg (4850lb) of dry chemicals.",,
pzlokeciepzl110111koliber,Typical seating for four.,,
pzlswidnikmilmi2kania,"Mi2 - Two pilots or one pilot and passenger on flightdeck, and main cabin seating for seven. Ambulance configurations can accommodate four stretchers and one medical attendant or two stretchers and two attendants. Kania - Pilot and eight passengers in passenger configuration, pilot and five passengers in corporate configuration. Two stretchers, one seated patient and two medical attendants in ambulance configuration. Ag version capacity 1000kg (2205lb) of chemicals.",,
pzlswidniksw4,Standard seating for four or five (including pilot). In medevac configuration accommodation for one stretcher patient and two medical attendants. Max sling load 750kg (1655lb).,,
pzlswidnikw3sokol,"Two pilots or pilot and flight engineer or passenger on flightdeck. Main cabin seating for 12 in passenger configuration, or three medical attendants and eight rescued survivors in SAR Anaconda version, or four stretchers and medical attendant in ambulance configuration, one stretcher and medical attendants in critical care EMS version, or five/six passengers in executive configuration. Can carry a 2100kg (4630lb) sling load.",,
pzlwarszawaokeciepzl104wilga,Typical seating for four including pilot. Rear two seats can be replaced with fuel tank. Ambulance configuration accommodates two stretchers and medical attendants.,,
raytheon390premieri,One or two pilots on flightdeck (will be certificated for single pilot). Main cabin seats six in standard configuration with four seats in a club arrangement and two seats behind them. Toilet in rear fuselage. Baggage compartments in nose and tail.,,
raytheon90100kingair,"90 - Typical seating for six, max seating for eight. 
100 - Six to eight in corporate configuration, or max seating for 13.",,
raytheonbeechcraft1900,"Flightcrew of two. Standard passenger accommodation for 19 at two abreast. ExecLiner configurations range for between 10 to 18, depending on customer requirements.",,
raytheonbeechcraftbaron,"Models 55 and 56 had standard seating for four, with some models offering an optional fifth seat. Model 58 has optional fifth and sixth seats.",,
raytheonbeechcraftbonanza,"All Model 33s seat four with some models having an optional fifth seat, all Model 36s seat six.",,
raytheonbeechcraftkingair200,"Flightcrew of one or two. Accommodation for a maximum of 13 passengers in main cabin, plus a further passenger beside the pilot on flightdeck. Typical corporate seating layout for six in main cabin.",,
raytheonbeechcraftkingair300350,"300 - One or two pilots on flightdeck, with standard layout for six passengers in main cabin. Alternative high density seating for 15 (including pilot). 350 - Typical passenger seating for eight in main cabin, optional seating for an extra two, plus one in toilet compartment and one on flightdeck next to the pilot, making a total of 13.",,
raytheonbeechjet400,"Flightcrew of two pilots, with standard passenger arrangement in main cabin for six with a entertainment/executive console, or seven without (plus provision for an eighth passenger in toilet compartment with seat belt installed).",,
raytheonhawker1000,"Flightcrew of two. Standard main cabin seating for eight comprising club seating for four at the front of the cabin, a three seat couch and a single seat. Max seating for 15.",,
raytheonhawker800britishaerospacehs125700,"Flightcrew of two. Typical seating for eight passengers in corporate layout, or max seating for 14.",,
raytheonhawkerhorizon,"Flightcrew of two. Typical main cabin layout will seat eight, with a toilet in the aft fuselage.",,
republicrc3seabee,Typical seating for four.,,
robindr400500,"DR-400-120 seats two adults and two children, most other DR-400 models typically seat four adults.",,
robinhr200r2000alpha,Typical seating for two side by side.,,
robinr3000,"Seating for two in R 3000/100, three in R 3000/120 and four in R 2000/140 and R 3000/160.",,
robinsonr44,"Typical seating for four, with two passengers on bench seat behind pilot and passenger.",,
robinsonr22,"Typical seating for two, side by side. R22 Agricultural is fitted with a 150 litre (33Imp gal) capacity chemical tank.",,
rockwell500520560680685720commander,"Seating in standard length Commanders for five to seven, including one pilot. Stretched Grand Commander seats up to 11.",,
rockwellcommander112114,Typical seating for four.,,
rockwellsabreliner,Flightcrew of two. Main cabin seats up to 10 in high density layout. Various other seating arrangements possible.,,
ruschmeyerr90,Typical seating for four.,,
saab2000,"Flightcrew of two. Normal passenger accommodation for 50 at three abreast and 81cm (32in) pitch. Max seating for 58 at three abreast and 76cm (30in) pitch, with repositioned galley and wardrobe.",,
saab340,"Flightcrew of two. Main cabin seats up to 37, or typically 33 to 35 with a galley at three abreast and 76cm (30in) pitch. Combi seats 19 passengers and 1500kg (3310lb) of cargo. A small number of 340s are outfitted in corporate configurations.",,
schweizer269300,Typical seating for three on a bench seat in 300 or two in 269. Many aircraft equipped for agricultural spraying and fitted with chemical hoppers and spray booms. Can lift a 475kg (1050lb) payload in an external sling load.,,
schweizer330,"Typical seating for three, optional seating for four.",,
scottishaviationtwinpioneer,"Flightcrew of two. Main cabin seats 16 in passenger configuration, or can hold 1540kg (3400lb) of freight. Has also been used as a platform for aerial photography.",,
short330,Flightcrew of two. Typical passenger accommodation for 30 at three abreast and 76cm (30in) pitch in 10 rows of seats. In combi freight/passenger configuration the 330 houses freight in the front of the cabin and 18 passengers in the rear.,,
short360,Flightcrew of two. Typical passenger seating for 36 at three abreast and 76cm (30in) pitch in 12 seat rows. Optional seating for 39 in a high density configuration. Freighter 360300F can house up to five standard LD3 containers or pallets.,,
shortbelfast,"Flightcrew of three or four comprising two pilots, a flight engineer and possibly a navigator. Can accommodate a wide variety of oversize and heavy cargoes such as heavy machinery, industrial equipment such as generators and small aircraft and helicopters.",,
shortskyvanskyliner,"Flightcrew of one or two. Seating for up to 19 passengers at three abreast in Skyliner, or nine passengers in executive configuration.",,
siaimarchettis205208,"Typical seating for four in S-205, up to five in S-208.",,
sikorskys55westlandwhirlwind,Flightcrew of two. Typical seating in main cabin for eight to 12 passengers. Many aircraft configured in executive configurations or to carry freight. Can also carry an external sling load.,,
sikorskys76,Flightcrew of two. Max seating for 12 or 13 passengers at 79cm (31in) pitch in oil rig support aircraft. VIP configurations offered in six or eight passenger seat form. EMS configured aircraft accommodate one or two stretchers and four medical attendants.,,
sikorskys92helibus,Flightcrew of two. Accommodation in main cabin for 19 passengers or up to three standard LD3 containers.,,
sikorskys58,Flightcrew of two. Main cabin seating capacity for between 10 and 16 passengers or freight. Can also carry external sling loads.,,
sikorskys61ls61n,"Flightcrew of two. Main cabin seating for up to 26 in early production aircraft and 30 in later production aircraft. Payloader can lift a 4990kg (11,000lb) external sling load.",,
sikorskys62,Flightcrew of two. Main cabin seats 10 in typical passenger configuration. Alternatively can be configured for freight.,,
sinoswearingensj302,Typically pilot and passenger (or copilot) on flightdeck (will be certificated for single pilot operation). Typical main cabin seating for five with four in a club arrangement and fifth seat opposite main cabin door.,,
slingsbyt67firefly,"Typical seating for two, side by side.",,
socatagy80horizonst10diplomate,Typical seating for four.,,
socatams180ms250morane,Typical seating for four or five.,,
socatarallye,"Seating for three adults or two adults and two children in MS-880B Rallye Club/Rallye 100, MS-887 Rallye 125 and the MS-886 Super Rallye and Rallye 150T. All other variants had seating for four adults.",,
socatatangaragulfstreamga7,Standard seating for four.,,
socatatb9102021200tampicotobagotrinidad,"Typical seating for four or five, with pilot and passenger on front bucket seats and two or three passengers on rear bench seat.",,
socatatbm700,"Pilot and one passenger (or copilot) on flightdeck. Main cabin seating for up to five, or typical accommodation for four in a club arrangement. The TBM-700 is also offered as a freighter.",,
sudse210caravelle,"Caravelle 10 - Flightcrew of two pilots and one flight engineer. Max passengers 100 at five abreast in a high density layout. Typical accommodation for 91 passengers in a mixed class arrangement. Maximum payload 9100kg (20,600lb).",,
sukhoisu26su29su31,"Accommodation for pilot only in Su26, Su26M, Su31T and Su31U. Seating for two in tandem in Su29.",,
sukhoisuperjet100,"Flightcrew of two. 
SSJ 100-95 - 86 to 103 passengers depending on configuration.",,
taylorcraftseries,"Seating for two, except in the Model 15 Tourist, which seats four.",,
technoaviasm92finist,"One pilot and one passenger on flightdeck. Seating for six passengers in main cabin arranged in pairs. Alternatively can accommodate six parachutists, or 600kg (1320lb) of freight.",,
transaviaairtrukskyfarmer,"Single pilot in all versions. PL12, T300 and T400 - Seats for two passengers and fitted with a chemical hopper. PL12U seats five with no hopper.",,
tupolevtu134,"Flightcrew of three, comprising two pilots and a navigator. Tu-134 seats 72 in a single class. Tu-134A seats up to 84 passengers in a single class at four abreast, or 12 first class and 54 economy class at four abreast in a two class arrangement. Tu-134B3 can seat up to 96 in a single class.",,
tupolevtu154,"Flightcrew of three or four. Typical single class seating for 158 to 164 at six abreast, or 167 in a high density layout for Tu-154; 
Tu-154M seats a maximum of 180 at six abreast and 75cm (29.5in) seat pitch.",,
tupolevtu204tu214,"Flightcrew of two, although original Aeroflot requirement specified a flight engineer. Tu-204-200 seats up to 212 six abreast at 82cm (32in) pitch, or two class seating for 30 business class at 96cm (38in) pitch at six abreast and 154 economy at 81cm (32in) pitch and six abreast. Tu-204-300 seats 166 in a single class.",,
tupolevtu334,"Tu-334 - Flightcrew of two or three. Seats 102 in a single class arrangement at 78cm (31in) pitch six abreast, or alternatively 72 in a two class arrangement with 12 first class passengers at four abreast and 102cm (40in) pitch and 60 economy class passengers at 78cm (31in) pitch at six abreast.",,
vickersvc10,"Standard: Typically 109 passengers in two classes, maximum 151 passengers six abreast. Super: Typically 139 passengers in two classes, maximum 174 passengers six abreast.",,
vickersviscount,"Flightcrew of two or three. 700 - Typical layouts included 40 passengers at four abreast, or between 47 to 63 at five abreast. 
800 - Typical seating for 65 at five abreast and 97cm (38in) pitch.",,
victaaircruiser,Typical seating for four.,,
victaairtourer,"Seating for two, side by side.",,
visionairevantage,One pilot and passenger on flightdeck. Main cabin seats four in standard configuration in a club arrangement. Toilet and baggage compartment in rear of cabin.,,
weatherly201620,"Pilot only in all models. 
Hopper capacity in 201C is 1022 litres (270US gal/225Imp gal); 
Hopper capacity in 620 is 1268 litres (335US gal/280Imp gal); 
Hopper capacity in 620TP is 1287 litres (340US gal/283Imp gal).",,
yakovlevyak18t,"Typical seating for four in touring role, often used as a trainer with two on board.",,
yakovlevyak40,Flightcrew of three (two pilots and engineer). Typical passenger seating arrangement for 27 at three abreast and 78cm (30in) pitch. Maximum seating for 32 in a high density four abreast configuration. Some fitted with corporate interiors with seating arrangements for 12-15 passengers.,,
yakovlevyak42,"Flightcrew of two pilots, with provision for a flight engineer. High density single class seating for 120 at six abreast and 75cm (30in) pitch. Two class seating for eight premium class passengers at four abreast and 96 economy class at six abreast.",,
zlintrenerakrobat,"Seating for two in Z 26, Z 126, Z 226, Z 326, Z 526 and Z 726. Pilot only in Z 226A, 326A, 526A, Z 526AF and Z 526AFS.",,
zlinz42z43z142z242z143,"Seating for two in tandem in Z 42, Z 142 and Z 242, seating for four in Z 43 and Z 143.",,
