Model_ID,Units_Built,Production_Years,Price_USD
aasijetcruzer,"450 - 3 were built. 
500 - by November 2001, 2 had been converted from 450s, 1 new one was built, and 197 were on order. 
Basic unit price (2001) $US1.495.000.",,
aeaexplorer,"One 350R, later converted to 500T (by Feb.2002)",,
aermacchif260,Over 860 SF-260s have been built (750 by SIAI-Marchetti) of which approximately 170 built for civil customers.,,
aeroboeroab95115150180,"Approx 600 of all variants have been built, including over 300 out of a Brazilian Government order for 450 AB-115s for use by aero clubs.",,
aeronca11chief,"2325 Chiefs built between 1946 and 1951 (including 1867 11AC, 181 11BC, and 277 11CC) plus 154 Pushpaks built between 1958 and 1968.",,
aeronca7champion,"Approx 10,000 Aeronca Champions (including L-16s and 7200 7ACs) built between 1946 and 1951.",,
aerospatialealouetteiilama,"1303 Alouette IIs, including 360 SA-318Cs, were built for military and commercial customers. Aerospatiale built 407 Lamas, while seven were built in Brazil and more than 240 in India as the HAL Cheetah.",,
aerospatialealouetteiii,"Approximately 1500 Alouette IIIs have been built in France, plus production in India (300+), Romania (200) and Switzerland (60), most for military customers, but some are in civil use.",,
aerospatialebritishaerospaceconcorde,"Two prototypes (001 & 002), two preproduction aircraft (01 & 02) and 16 production aircraft.",,
aerospatialen262fregatemohawk298,110 of all variants of the 262 (including the Mohawk 298 and miscellaneous military orders) built.,,
aerospatialesa330puma,"696 Pumas of different versions, including military, had been sold, when Aerospatiale production ceased in 1987. Westland assembled 48 SA-330Es as the Puma HC.Mk1. Limited production has continued in Romania by IAR, largely for that country's military. ICA and IAR have built over 160 as the IAR-330L.  IPTN built 11 as the NSA-330J.",,
aerospatialesa341342gazelle,"More than 1250 French built Gazelles have been delivered, although the large majority of these were for military service. Further production took place in the UK with Westland, and the former Yugoslavia.",,
aerospatialesa360361365cdauphin,"Production of the SA-360, SA-361 and SA-365C ceased in 1981. Approx 40 SA-360s and 50 SA-365Cs built.",,
aerospatialesn601corvette,"One prototype SN-600 and 39 production SN-601s built, with an estimated 35 remaining in service in 1998.",,
agustaa109,Approximately 600 A-109s of all variants (civil and military) had been built by 1998.,,
agustaa119koala,Entered production in 1999. Planned annual production rate of 20 to 25 aircraft per year. 60 sold at time of writing. Basic aircraft unit cost approx $US1.7m. Second assemly line to be established at Denel in South Africa.,,
airtractorseries,"Over 1500 Air Tractors of all models have been built, including more than 600 AT-301s, 245 AT-401s, 200 AT-402s, 400 AT-502s and 50 AT-802s and AT-802As.",,
airbusa300600,"A total of 334 A300-600s of all variants had been ordered by late 2002, of which 266 had been delivered.",,
airbusa300600stsupertransporter,Airbus has taken delivery of its four A300-600STs originally on order and has converted an option on a fifth to a firm order.,,
airbusa300b2b4,"A300B2 and B4 orders stood at 249 when production was completed in 1984. Approximately 145 in service in late 2002, including 75 freighters.",,
airbusa310,"Total orders held for the A310 stood at 260 by late 2002, of which more than 255 had been delivered.",,
airbusa318,"By Jan.2002 total orders for the A318 stood at 114.
Initial deliveries planned for late 2002.",,
airbusa319,At late 2002 total orders for the A319 stood at approx 742 with 484 delivered.,,
airbusa319cj,"Up to 12 A319CJs expected to be built each year. First customer delivery scheduled for November 1999. Green A319CJ costs $US35m, interior completion can cost $US4-10m. Twelve firm orders held at late 1998.",,
airbusa320,"As of early 2003, firm orders for the A320 stood at 1397 with 1131 delivered.",,
airbusa321,415 A321s were ordered by late 2002 with 253 delivered.,,
airbusa330200,Total A330-200 built stood at 108 at June 2002. Deliveries began in April 1998.,,
airbusa330300,"Total orders stood at 177 at late 1998, of which over 70 were in service.",,
airbusa340200300,"A total of 321 A340 (including all series) had been ordered by May 2002, of which 217 had been delivered.",,
airbusa340500600,"69 A340-500s/600s ordered by early 2003, of which 11 delivered. These include 17 A340-500 (1 delivered) and 52 A340-600 (10 delivered).",,
airbusa380,236 firm orders by August 2011. Airbus has forecast a market for approx 1235 airliners of 400 seats and above through to 2020. First delivery took place in autumn 2007.,,
americanchampionbellancaseries,Over 6000 of all models built. Approx 70 deliv in 1998.,,
antonovan12shaanxiy8,"Production totals for the An-12 are estimated at 1243 aircraft, with more than 200 having nominally seen civil service with Aeroflot, plus many other Soviet client state airlines. 
Shaanxi had reportedly delivered 75 by 2001 for military and civil use.",,
antonovan124ruslan,"About 60 An-124s have been built, of which 25 were in commercial use in 2000. Some western based freight operators utilise An-124s leased from Antonov for freight charters.",,
antonovan140,Two prototypes and eight production aircraft by the end of 2004.,,
antonovan22antei,"Approximately 70 have been built, of which approximately 50 have been operated in Aeroflot colours. A few dozen remain in commercial and military service.",,
antonovan225mriya,"Only one was built since 1989, but a second frame was partially constructed and remains in storage.",,
antonovan24263032xiany7,More than 1100 An-24s were built. Approximately 880 An-24s remain in commercial service. Chinese production continues. More than 550 An-26s and 120 An-32s are in civil use.,,
antonovan38,11 (mid 2004).,,
antonovan7274,"Production totals more than 160, mostly for military customers. Most built in Ukraine but production transferred to Omsk in Russia in 1993. Around 30 An-72s and 6 An-74s were in commercial use in 1998.",,
antonovpzlmielecan2,"More than 5000 An-2s were built in the Ukraine between 1948 and the mid 1960s, before production was transferred to PZL Mielec in Poland, where approximately 12,000 have been built and low rate production continues. Close to 1000 Y5s have been built by SAMC in China.",,
antonovpzlmielecan28,"Approximately 200 An-28s have been delivered, with 100 in commercial use. More than a dozen M28s have been ordered.",,
atratr42,In late 2002 total orders for all versions of the ATR-42 stood at 369 with 367 delivered.,,
atratr72,"As at late 2001 292 ATR-72s had been ordered, with 270 delivered.",,
austerjseries,Approximate production totals for the series are,,
aviata1husky,"Approximately 450 Huskies had been delivered by late 1998, many for US government agencies and police.",,
aviationtradersatl98carvair,"Total Carvair conversions number 21, the last of which was completed in 1968.",,
ayresthrushrockwellthrushcommander,Includes 1300 built by Rockwell and 350+ by Ayres.,,
bac111oneeleven,"UK total 235, comprising 58 Srs 200s, nine Srs 300s, 70 Srs 400s, 86 Srs 500s and 12 production 475s. 
Nine 561s built by Bucuresti in Romania. Approximately 90 One Elevens were in service in late 2000, and 61 early 2003.",,
baesystemsavrorjx85100,"After 1 RJX85 and 2 RJX100 had flown, production was abandoned.",,
beagleb121pup,"173 Pups built, consisting of 66 Pup 100s, 98 Pup 150s, and 9 Pup 160s.",,
beagleb206,Total production run of 79 aircraft included one 206X; one 206Y; two 206Z; 20 206R Bassets for the Royal Air Force; 11 B.206C; 43 206S; and one Series 3.,,
beech18,"Over 9000 Beech 18s of all models built between 1937 and 1969, of which 2000 were built postwar. Wartime military production accounts for majority of Beech 18s built (approx 5000).",,
beech192324musketeersierrasportsundowner,"4455 built, including 2390 Musketeers, I/II/III/Custom & Sundowners; 904 Sports; 793 Super R/Sierras; and 369 Supers.",,
beech2000starship1,"Production ceased in early 1995 after three prototypes, 18 Starship 2000s and 32 Starship 2000As had been built",,
beech35bonanza,"Approximately 10,400 Model 35 Bonanzas of all variants were built between 1945 and 1982.",,
beech60duke,"Beechcraft built 584 Dukes between 1968 and 1982, including 113 60s, 121 A60s and 350 B60s.",,
beech65708088queenair,"1001 Queen Airs of all models built (404 Model 65s & A65s, 42 Model 70s, 510 Model 80s and 45 Model 88s), including U8F Seminoles for the US Army.",,
beech76duchess,437 Duchesses were built between 1978 and 1982.,,
beech77skipper,Production of the Skipper ceased in 1981 after 312 had been built.,,
beech99airliner,"Total Model 99 production of 239. This includes 164 99s, A99s, A99As and B99s between 1967 and 1975 and production of 75 C99s between 1980 and 1986, when production ceased.",,
bell204205214b,"Over 60 civil Model 204Bs were delivered by 1967, while further examples were built by AgustaBell up until 1973. 12,000 Model 205s (including civil 205A1s) were built by Bell and AgustaBell up to the early 1980s.",,
bell206jetranger,"Over 7700 military and civil versions of the JetRanger have been built by Bell in the USA and Canada, AgustaBell in Italy and other licensees. More than 4400 built for civilian customers.",,
bell206llongranger,More than 1600 LongRangers have been delivered including a small number for military customers.,,
bell206lttwinrangertridairgeminist,Conversions to Gemini ST configuration commenced in early 1994. Deliveries of new build 206LTs began in early 1994. Only 13 have been built but it remains available to order.,,
bell212twintwotwelve,"Approximately 900 212s, including military aircraft, had been delivered by 1998. Production totals augmented by AgustaBell examples, although these are mainly military versions. Bell production transferred to Canada in 1988.",,
bell214stsupertransport,"The 214ST was in production during 1980 and 1990, during which time 100 were built.",,
bell222230,184 Bell 222s built. Bell built 38 230s between 1992 and August 1995.,,
bell407,200th 407 delivered in September 1997. Production runs at a rate of over 10 per month. 140 alone built in 1997.,,
bell412,"Over 420 Bell 412s of all models, civil and military, have been built. Production of the 412 switched to Bell's Canadian plant in February 1989.",,
bell427,"First deliveries January 2000, 10 delivered by October. Over 85 on order mid 2000.",,
bell430,Annual production rate of 55 aircraft planned from 1998.,,
bell47,Bell built more than 4000 47s between the late 1940s and 1974. AgustaBell of Italy licence built over 1200; Kawasaki of Japan 239; and Westland of the UK 239.,,
bellagustaba609,First deliveries planned for April 2002. Unit price $US810m depending on configuration. Potential market estimated at up to 1000 over the next two decades.,,
berievbe200,At late 1998 five firm orders were held.,,
berievbe3032,3 Be-30s and 5 Be-32s were built in the late 1960s before program terminated. One of the original Be-32s was converted to Be-32K demonstrator.,,
boeing707,Production of commercial 707s ended in 1978 after 878 had been built. Limited production of military variants continued until 1990. Approximately 130 remain in commercial service.,,
boeing717,"As of early 2003, 153 717s had been ordered, of which 111 had been delivered.",,
boeing720,"Between 1959 and 1969 Boeing built 65 720s and 89 720Bs (many 720s were converted to 720Bs). One in commercial service in Africa, three others used as corporate transports.",,
boeing727100,"Of the 582 727-100s built, almost 400 remained in commercial service in late 1998, with 40 more used as corporate jets.",,
boeing727200,"1831 727s of all models built when production ceased in 1984, including 1249 200s. Approx 940 727-200s in commercial service at late 1998, with a further 15 as corporate transports.",,
boeing737100200,"1144 737-100s and 200s built, comprising 30 100s and 1114 200s, including 19 T-43A (737-200) navigation trainers for the USAF and 104 737-200Cs. Approximately 1 737-100 and 550 737-200s remained in commercial and corporate service in early 2005.",,
boeing737300,"Grand total 737 orders stand at over 4236, of which over 1104 are for the 300. Approximately 1070 737-300s were in service at late 1998.",,
boeing737400,"Orders for the 737-400 stood at 473 at late 1998, of which approximately 470 were in airline service.",,
boeing737500,"At late 1998 737-500 sales stood at 387, of which 383 had been delivered.",,
boeing737600700,"737-600 - 81 ordered and 47 delivered by October 2002.
737-700 - 883 ordered and 465 delivered by October 2002.",,
boeing737700800bbjbbj2,"65 BBJs were ordered by February 2002, with 55 delivered, while 8 BBJ2s had been ordered with 5 delivered. Completed aircraft cost approx $US42 to 47m.",,
boeing737800900,"737-800 - 1028 ordered (including 8 BBJ-2s), with 664 (including 7 BBJ-2s) delivered by October 2002.
737-900 - 49 ordered, with 29 delivered by October 2002.",,
boeing747100200,"747-100/200 in production to 1991. 167 100s, 9 100Bs, 29 -100SR, 224 200Bs, 13 200Cs, 69 200Fs and 77 200Ms built, plus 12 military aircraft. Approx 144 100s and 360 200s in service in late 1998.",,
boeing747300,81 delivered 1983-90 with 78 in service in late 1998.,,
boeing747400,"Orders for the 747-400 as of August 2002 stood at 632 (of which 17 ER/ERF), of which 585 had been delivered. Total 747 sales stood at 1356.",,
boeing747sp,"Just 45 747SPs were built, of which approximately 18 remain in service by early 2005.",,
boeing757200,"987 757-200s had been ordered by late 2002, of which over 983 had been delivered.",,
boeing757300,"63 ordered by May 2002, of which 30 had been delivered.",,
boeing767200,"Total 767 sales in late 2002 stood at 934. 245 767-200/200ER orders were placed by this time, of which 240 had been delivered.",,
boeing767300,"652 767-300s (including ERs) had been ordered by late 2002, of which 607 had been delivered.",,
boeing767400,Orders for the 767-400 as of December 2001 stood at 40 with 24 aircraft delivered. In current production.,,
boeing777200,"Total 777-200 orders received as of early 2003 452, with 379 delivered.",,
boeing777300,Total 777-300 orders as of January 2003 stood at 121 (of which 56 300ER) with 44 delivered.,,
boeing7878dreamliner,"By Summer of 2011 there were over 700 orders for the 787-8 and 787-9 models. Deliveries to customers began in September 2011, with a 787-8 being received by All Nippon Airways.",,
boeingb17flyingfortress,"Total production 12731, comprising 1 Model 299, 13 Y1B-17, 1 Y1B-17A, 39 B-17B, 38 B-17C, 42 B-17D, 512 B-17E, 3405 B-17F (2300 by Boeing, 605 by Douglas, 500 by Lockheed-Vega), and 8680 B-17G (4035 by Boeing, 2395 by Douglas, 2250 by Lockheed-Vega). Many were converted to other models.",,
boeingc97stratofreighter,"Total military Model 367 production of 27 C-97s and 808 KC-97s, in addition to which 55 civil Model 377 Stratocruiser airliners were built.",,
boeingcommercialchinook,Approximately a dozen Commercial Chinooks were built in the early to mid 1980s. Most remain in service.,,
boeingmdexplorer,Approximately 40 delivered by late 1998.,,
boeingstearman,Total production 8584. Postwar more than 2100 were converted for agricultural spraying work. Several hundred fly with private owners.,,
boeingvertolkawasakikv107,"Total BV/KV 107 production approximately 650, with almost all for military customers. Small numbers remained in commercial service in late 1998.",,
bombardierbd100challenger300,"As of June 2001, 115 had been ordered.",,
bombardierbd700globalexpress,"Over 80 firm orders held at late '98. By May 2002, 64 had been delivered to customers.",,
bombardierlearjet45,Approximately 200 delivered by late 2002.,,
bombardierlearjet5560,"Production of the Model 55 ceased in 1990 after 147 had been built. 141 55s in service at late 1998. Deliveries of Model 60 began in January 1993, with more than 130 delivered by late 1998.",,
brantlyb2305,"Exact production unclear, but includes more than 400 B2 series. Production has resumed with Chinese financial backing.",,
bristol170freighter,Total Bristol 170 production 214 aircraft. In late 1998 one example was in commercial service in Canada with Hawkair Aviation Services in British Colombia who was restoring a second machine.,,
britishaerospaceatp,"Total ATP and Jetstream 61 production of 67 (including 4 J61s) built between 1986 and 1993, of which over 50 are in service.",,
britishaerospaceavrorj7085100,"Production of the Avro RJ series ceased in 2002, after 170 examples had been built, including 12 RJ70, 87 RJ85 and 71 RJ100.",,
britishaerospacebae146,"A combined total of 221 examples of the 146 have been built.
146-100 - 37 (including three VIP examples operated by the Royal Air Force) were built before production ceased in 1992.
146-200 - 113 examples had been built when production ceased in early 1993.
146-300 - 71 examples had been built when production ceased in early 1993.",,
britishaerospacejetstream31super31,"Total J31 deliveries of 381, including 161 Super J31s.",,
britishaerospacejetstream41,Orders for the Jetstream 41 stood at 100 in May 1997 when BAe announced it was terminating production.,,
brittennormanbn2islander,"Over 1200 delivered since 1969, including production in the UK and Romania and military Defenders. Approximately 65 BN-2Ts built.",,
brittennormanbn2amk3trislander,UK production totalled 73.,,
canadaircl215415,Total CL-215 production of 125. As of late 1998 51 CL-415s had been ordered.,,
canadaircl44yukon,"A total of 27 civil CL-44s built (including four CL-44J and one CL-44-O conversions), and 12 military CL-44-6 designated CC-106 Yukon. Today only seven CL-44 still exist whereoff maximum three are airworthy.",,
canadaircl600challenger600,"83 Challenger 600 were built between 1978 and 1983. Production of the Challenger continues as the 601, described separately.",,
canadaircl600challenger601604,"Challenger 601 production completed, with 66 601-1As, 134 601-3As and 59 601-3Rs delivered. Over 80 604s sold.",,
canadaircl600regionaljetcrj100200,"Total CRJ Series 100/200 orders at late 1998 over 430, of which more than 260 had been delivered. Bombardier plans to increase the CRJ production rate from six per month in late 1998 to 7.5 per month by the northern fall of 1999.",,
canadaircl600regionaljetcrj700,"By early 2011, total CRJ-700 deliveries stood at 310 with 11 on order.",,
capaviationcap102021230231232,"More than 275 CAP-10s and 10Bs, 40 CAP-21s, approximately 30 CAP-231s and 231EXs and 10 CAP-232s built.",,
casac212aviocar,"Over 435 Aviocars of all models built, including 170 for commercial operators and 265 for military customers. IPTN in Indonesia has built over 90 NC212s under licence.",,
casaiptncn235,"Out of total orders for 230 CN235s, 47 have been for civil customers. Over 30 are currently in airline service.",,
cessna150152,"Total 150 and 152 production amounts to 31,289 aircraft over 27 years, comprising 6860 US built 152s, 589 French built 152s, 22,082 US built 150s and 1758 French built 150s, and 39 Argentinian built A-150s.",,
cessna170,"In production between 1948 and 1957, 5173 Cessna 170s were built, including 730 170s and 1537 170As.",,
cessna172skyhawkearlymodels175skylark,"Total Cessna 172 family production over 42,500, of which the civil Continental powered models account for about 15,800. Production ran from 1955 to 1967. Approximately 2190 Skylarks built.",,
cessna172skyhawklatermodels,"Total Cessna 172 family production over 42,500, of which about 22,000 were basic Lycoming powered 172s built 1968-1985.",,
cessna172rsskyhawk,"Cessna 172R production restarted in 1996, with first deliveries in early 1997 - 579 built by Sept 30 1998. 172S delivered from late July 1998, 21 delivered by Sept 30 1998.",,
cessna177cardinal,"4295 177s built between 1968 and 1978, including 1543 RGs (including 177 RGs by Reims in France).",,
cessna180185skywagon,Total 180 production amounted to 6210. Total 185 production 4339 aircraft including 265 U-17A and 215 U-17B military variants and 109 AgCarryalls.,,
cessna182skylane,"21,864 (including 169 R182s by Reims) built through to 1985. 182S deliveries began April 1997. 332 built by Sept 30 1998.",,
cessna188agwagonseries,"Approximate total of 3975 including 53 AgPickups, 1589 Agwagons, 1949 AgTrucks and 385 AgHuskies.",,
cessna205206207,"574 205s, 7556 206s and 790 207s were built through to 1984. 206H & T206H deliveries began in late 1998.",,
cessna208caravanigrandcaravancargomaster,1000th unit delivered in October 1998. More than 60% of production sold outside the United States.,,
cessna210centurion,"Total 210, T210 and P210 production 9240 (including 843 P210s).",,
cessna310320,"Total 310 and 320 production (including prototypes) was 6321 aircraft, of which 5741 were 310s and 580 were 320s. From this production 196 were built for the US military as L-27, later U-3.",,
cessna336337skymaster,"336 total production of 195 between 1962 and 1964. 337 production comprised 1951 337s, 356 pressurised 337s and 513 military versions. Reims built 61 FTB337 Miniroles.",,
cessna340335,"1287 340s and 64 335s were built. The 340 was in production between 1971 and 1984, the 335 between 1979 and 1981.",,
cessna404titan,"In production between 1976 and 1982, 378 Titans were built.",,
cessna411401402,"301 Cessna 411s, 401 Cessna 404s and 1535 Cessna 402s were built.",,
cessna421414,"1901 Model 421s and 1055 Model 414s were built, production of both ceased in 1985.",,
cessna500501citationcitationicitationisp,"Over 690 Citations, Citation Is and I/SPs were built between 1971 and 1985.",,
cessna560citationvultraultraencore,262 Citation Vs built through to mid 1994. Approx 340 Ultras built. Ultra Encore deliveries due to begin second quarter 2000.,,
cessna560xlcitationexcel,"First delivery July 1998, over 300 built by September 2002.",,
cessna680citationsovereign,First customer deliveries scheduled for the first quarter of 2004. 79 advance orders announced at NBAA in October 1998.,,
cessnacitationiibravo,"733 Citation IIs built through to late 1994. Bravo deliveries began Feb 1997, over 52 delivered by late 1998.",,
cessnacitationiiivivii,"Total of 202 Citation IIIs delivered when production ceased in 1992. A total of 39 Citation VIs had been built when production ceased in 1995, while over 90 VIIs had been built by late 1998.",,
cessnacitationx,First production Citation X delivered in June 1996. Approx 60 delivered by late 1998. Target production rate 24 per year.,,
cessnacitationjetcj1cj2,300th CitationJet due to be delivered in early 1999. 76 advance orders for the CJ2 held at late 1998.,,
cessnacorsairconquestiiicaravanii,Over 230 Corsair/Conquest Is delivered by the end of 1987 by which time production had been suspended. 370 Model 441s were built. Over 70 F4065s built thus far.,,
cessnat303crusader,"In production between 1981 and 1985, 297 Crusaders were sold.",,
chichestermilesleopard,"Prototype and preproduction aircraft only built at the time of writing, with design of production aircraft continuing.",,
cirrussr2022,"Over 600 orders placed by April 2001, with first deliveries due December 1998. Up to 100 to be delivered in 2000.",,
commander114b,"Production commenced in 1992, by late 1998 approximately 150 Commander 114Bs had been built. Production is running at around 15 units a year. Rockwell built over 1000 112s and 114s (described separately) for which Commander has service responsibility.",,
convair2403404405405806006405800,"1076 built in total, of which 566 240s (incl 364 T-29s and 26 C-131s), 311 340s (incl 65 C-131s) and 199 440s (incl 21 C-131s). Additionally 10 turboprop 540s were built by Canadair.
170 340s and 440s converted to 580s, 38 240s converted to 600s, 27 340s and 440s converted to 640s. 80 converted Convairs remained in commercial service in late 1998. In addition there have been four 5800 conversions, with a fifth currently under construction.",,
curtissc46commando,3182 Commandos built for US armed forces (as the C46 for the USAAF and R5C for the USN). Many hundreds subsequently converted for civil service. Approximately 16 remain in service as of late 1998.,,
dassaultfalcon2000,First customer delivery occurred in March 1995. Over 60 delivered by late 1998.,,
dassaultfalcon50,More than 275 have been delivered since 1979.,,
dassaultfalcon900,"Over 260 Falcon 900s (including 7 900Cs, 74 900EXs, and 2 900MSAs) delivered by mid 2000.",,
dassaultmystrefalcon10100,"In addition to three prototypes, 226 Falcon 10s and Falcon 100s (including seven military MERs & 31 Falcon 100s), were built between 1973 and 1990, of which 208 were in civil service in late 1998.",,
dassaultmystrefalcon20200,"Production ended in 1988 when the last Falcon 200 was delivered, by which time 38 200s and 476 20s (including HU-2Js) had been delivered. The last 20 was completed in late 1983.",,
dehavillandcanadadash7,111 Dash 7s were built between 1977 and 1988. Approximately 66 were in commercial service as of late 1998.,,
dehavillandcanadadhc1chipmunk,"1277 Chipmunks built, including 217 in Canada, 60 under licence in Portugal and 1000 in Britain. Most of these were built originally for military customers, but many now fly with private operators.",,
dehavillandcanadadhc3otter,A total of 460 Otters built including for military air arms in 11 nations.,,
dehavillandcanadadhc4caribou,"Caribou production ended in 1973 after 307 had been built, most of which were for military customers. A small number survived in commercial service in 2000 in North America (incl Alaska).",,
dehavillandcanadadhc6twinotter,"Production completed in 1988, and comprised 115 Series 100s, 115 Series 200s and 614 Series 300s.",,
dehavillandcanadadhc8100200dash8,347 Dash 8-100s/-200s in service or on order at late 1998.,,
dehavillandcanadadhc8300dash8,"Total orders for Dash 8300s stood at over 136 by late 1998, of which 128 were in service.",,
dehavillandcanadadhc8400dash8,"Total Q400 firm sales in late 2002 stood at 74, of which 64 had been delivered.",,
dehavillandcanadadhc2beaver,"1692 Beavers built between 1948 and 1968, including approximately 60 Turbo Beavers. 974 were delivered to the US military and many others delivered to foreign military air arms. Several hundred remain in service with civilian operators.",,
dehavillanddh104dove,"544 Doves built, including 200 for military operators. A small number remain in commercial service.",,
dehavillanddh114heron,"149 Herons built comprising 51 Series 1s and 98 Series 2. Conversions include 28 Riley Herons, six by Tawron, 29 by Prinair and 13 Saunders ST27s. A handful remain in commercial service.",,
dehavillanddh82tigermoth,"8492 Tiger Moths built, including 5161 in the UK (including 1153 prewar), 1747 in Canada, 1085 in Australia, 345 in New Zealand, 91 in Portugal, 37 in Norway and 23 in Sweden.",,
diamondda40diamondstar,"Over 425 built by end 2004, including 7 prototypes, over 300 DA-40-180 and over 125 DA-40D.",,
diamondda42twinstar,4 (end 2004).,,
dornier228,"238 Dornier 228s of all models built, with 112 in commercial service in late 2002.  Indian licence production of more than 80 228s (mostly for the Indian military).",,
dornier328,"Total 328 production of 112, incl 105 production aircraft. 95 in service in late 2002.",,
dornierdo27,"Total Do 27 production of 577, including 195 Do 27A1s, 75 Do 27A3s, 54 A4s, 88 D1s, 18 B3s, one H1, 12 H2s, one Q3, 34 Q4s and one Q5.",,
dornierdo28128,"Total Do 28 and 1282 production was over 200 units including military orders, total 1286 production approximately 25.",,
douglasdc3,"10,655 built in the USA, including 430 for commercial operators prior to US entry to WW2. 2000 or so built in Russia under licence. More than 400 remain in commercial service in 1998.",,
douglasdc4,"Total DC-4 production comprised one DC-4E, 78 commercial DC-4s, 1162 military C54 Skymasters and 42 Canadair developed Merlin powered derivatives. Almost 80 remain in commercial service, most as freighters.",,
douglasdc6,"Total DC-6 production of 665, comprising 174 DC-6s, 73 DC-6As, 288 DC-6Bs, 105 C-118s and 25 R6Ds. Approximately 100 remained in service in 2003.",,
douglasdc7,"DC-7 production was 338, comprising 120 DC-7s, 97 DC-7Bs and 121 DC-7Cs. Approximately 40 remain in service.",,
douglasdc81020304050,"295 Series 10, 20, 30, 40 and 50 DC-8s built between the late 1950s and 1968. Approximately 25 series DC-8-50s were still in commercial service in 2002.",,
douglasdc86070,262 Super 60 series built with 110 70 series conversions. In late 2002 approximately 82 Super 60s and 96 Super 70s were still in commercial service.,,
ehindustrieseh101,Two sold to the Tokyo police (due to be delivered in late 1998) were the first commercial orders received.,,
embraeremb110bandeirante,"500 Bandeirantes built, the last of which were delivered to the Brazilian military in 1990. Over 200 remain in airline service.",,
embraeremb120brasilia,"Approximately 350 ordered by late 1998, including a small number of military orders, of which approximately 330 had been delivered.",,
embraeremb121xingu,"Total Xingu I & II production 105 aircraft, including military orders. Over 60 currently in use as corporate transports, largely in Europe and South America.",,
embraererj135140legacy,"By early 2005 a total of 231 (plus 2 conversions) EMB-135s had been built, including 123 ERJ-135, 74 ERJ-140 and 34 Legacy. Orders for 56 were still outstanding.",,
embraererj145,By early 2005 648 EMB-145s had been delivered and 67 more were on order.,,
embraererj170175190195,"By early 2005, 62 ERJ-170s, 2 ERJ-175s, 4 ERJ-190s and 1 ERJ-195 had been built, with a further 108 ERJ-170s, 25 ERJ-175s, 156 ERJ-190s and 15 ERJ-195s on order.",,
enstromf28280480,Production of all versions exceeds 1000. Approximately 45 480s built.,,
ercoercoupeandderivatives,"Total production amounts to 5,604 aircraft, comprising 1 model 310 and 4,872 model 415 built by Erco, 209 model 415 built by Sanders, 139 model F-1 built by Forney and Fornaire, 26 model F-1 built by Air Products, 244 model A-2 built by Alon, and 52 model A-2 and 61 model M-10 built by Mooney.",,
eurocopteras332superpuma,Military and civil orders for all variants of the Super Puma total more than 540.,,
eurocopteras350ecureuil,Approx 3000 AS-350s of all types (including military Fennecs) ordered by late 2002. In addition Helibras in Brazil has built over 300 Esquilos under licence.,,
eurocopteras355ecureuil2,Orders for military AS-555s and civil AS-355s total over 880. Helibras of Brazil has built over 25 AS-355s under licence.,,
eurocopteras365ndauphin2ec155,Approximately 650 AS-365/366/565s ordered. The 500th Dauphin of all models delivered in 1991. 20 EC-155s ordered.,,
eurocopterbo105ecsuperfive,"Approximately 1375 BO 105s of all models, including military versions, delivered thus far, including licence production in Canada, Indonesia, the Philippines and Spain.",,
eurocopterec120colibri,First Colibri delivery (to Japan) in January 1998. At late 1998 more than 100 Colibris had been ordered and the production rate had increased from four to six per month. Eurocopter anticipated a market over the subsequent decade for 1600.,,
eurocopterec135635,First deliveries in July 1996. Total forecast sales of 700 units. By late 1998 orders stood at approx 110.,,
eurocopterkawasakibk117,"Approx 370 BK 117s built, with 260 from Eurocopter/MBB and 110 from Kawasaki. Indonesia's IPTN licence built three BK 117s as NBK117s.",,
extra230300200,"Extra 230 production ceased in 1990. Approximately 170 Extra 300s delivered since 1988, 25 200s since 1996.",,
fairchildaerospacemetroiiiii23,Over 1000 Metros built.,,
fairchilddornier328jet,"Total 111 built, including the prototype converted from a 328 turboprop.",,
fairchilddornier728,"728 - 1 built, but not flown.",,
fairchildswearingenmerlin,"Includes 33 Merlin IIAs, 87 Merlin IIBs, 92 Merlin III and IIIAs and 10 Merlin 300s.",,
ffaas202bravo,"Approximately 34 15s and 180 18s built, with most in service with military customers.",,
fokker100,Almost 300 Fokker 100s had been ordered before Fokker's collapse in March 1996. 283 had been built when production ceased in early 1997.,,
fokker50,205 Fokker 50s built. Last machine delivered in May 1997.,,
fokker70,48 Fokker 70s built. Last delivered in April 1997.,,
fokkerf27fairchildf27fh227,"581 F-27s, 128 F-27s and 78 FH-227s built. Fokker production comprised 85 Mk 100s, 138 Mk 200s, 13 Mk 300s, 218 Mk 400 & 600s, 112 Mk 500s and six F-27MPA Maritimes. 290 Fokker built and 25 Fairchild aircraft in service in late 1998. Additionally, approx 25 used as corporate transports",,
fokkerf28fellowship,"Total F28 sales of 241, including some military customers. As at late 1998 approx 160 remained in commercial service. Further 10 used as corporate jets.",,
fujifa200aerosubaru,"299 Aero Subarus were built between 1965 and 1986. Series production lasted until 1977, when the Aero Subaru became available by firm order only through to 1986.",,
gafn22n24nomad,"Production ceased in late 1984 when 172 Nomads for civil and military customers had been built, including two prototypes. Approx 50 remain in service with civilian operators.",,
gippslandga200fatman,37 built by late 1998 with 10 built that year. Planned annual production rate by 2002 50.,,
gippslandga8airvan,Six deliveries expected in 1999. Planned annual production rate of 150 from 2001.,,
grobg115,110 G-115s and G-115As built by late 1992. Production switched to the G-115C and G-115D in late 1993. Approximately 200 have been built of all models.,,
grobgf200,"In 1998 Grob was searching for a partner to help fund production. Grob says there are over 200,000 aircraft worldwide in the four to six seat high performance class. The GF 200 is pitched to replace these aircraft.",,
grummanamericanaa1,"Total AA-1 production 1822, including 461 AA-1, 470 AA-1A, 680 AA-1B, and 211 AA-1C.",,
grummanamericanaa5,"Production totals include 831 AA-5, 900 AA-5A, 1323 AA-5B, and more than 170 AG-5B.",,
grummang1159gulfstreamiiiii,"Total Gulfstream II and III production amounted to 464 aircraft, comprising 258 G-IIs and 206 G-IIIs. 244 G-IIs and 198 G-IIIs were in service in 1998.",,
grummang159gulfstreami,200 Gulfstream Is built when production ceased in February 1969 in favour of the jet powered Gulfstream II. Approximately 110 remain in corporate use while a further 48 are in airline service. Five Gulfstream G1C conversions performed. In 1998 two were in use as corporate transports and one as an airliner.,,
grummang164agcat,"Schweizer built 2628 under contract for Grumman between 1959 and 1979, including more than 400 G-164s, 1330 G-164As and 832 G-164Bs. Also built under licence in Ethiopia.",,
grummang21goose,"Total Goose production exceeded 300 aircraft, most of which were originally delivered to military customers. Production ceased in 1945. Small numbers of radial and turbine powered Gooses remain in service worldwide.",,
grummang44widgeon,"More than 266 Widgeons built, including 176 for military use during World War 2, and postwar 50 Grumman built G-44As and 40 SCAN30 French built G-44As. McKinnon converted more than 50 G-44s to Lycoming powered Super Widgeon configuration.",,
grummang64111albatross,"Production for military customers of 418, built between 1947 and 1961. Grumman purchased 57 ex military Albatrosses for conversion to civil G-111 configuration in the early 1980s, but only 13 were converted. Other ex USN Albatrosses fly in private hands.",,
grummang73mallard,59 Mallards built between 1946 and 1951. Small numbers later converted to turboprop power.,,
gulfstreamaerospacegivgulfstreamiv,"Approximately 340 Gulfstream IVs and IV-SPs delivered by late 1998. Military C-20s built for the US Air Force, Navy, Marines and Army, other military customers include Sweden and Japan.",,
gulfstreamaerospacegvgulfstreamv,"More than 75 G-V orders held, including two ordered by the US Air Force as C-37s. Over 35 delivered by late 1998. A Gulfstream V delivered in September 1997 was the 1000th Gulfstream built.",,
gulfstreamaerospacejetpropturbocommander,"Total built 1121, including 138 680s, 72 681s, 541 Commander 690s, 136 Jetprop 840s, 42 Jetprop 900s, 84 Jetprop 980s, 107 Jetprop 1000s, and 1 Commander 1200. Production ceased in 1985.",,
handleypageherald,"Total production of 50, comprising four Series 100, 38 Series 200 and eight Series 400s for the Royal Malaysian Air Force.",,
harbiny1112,"Approximately 40 Y-11s, two prototype and one production Y-11Bs and over 105 Y-12s built by late 2000. 35 Twin Pandas on order.",,
hawkersiddeleyhs125123400600,"Total sales of HS-125s up to and including the Series 600 reached 358, including the Srs 2 Dominie for Britain's RAF. More than 230 remain in use",,
hawkersiddeleyhs748,"Production ended in 1988 by which time 382 had been built, including 89 assembled in India, comprising 24 Srs1, 192 Srs2, 101 Srs2B and Super 748, and 31 Andover C1. Approx 145 active early 2005, including 62 civil and 83 military.",,
heliocourier,"More than 500 Couriers of all models built, including 130 U10s for the US Air Force.",,
hilleruh12,"Over 2300 of all versions built, including military H23s.",,
hindustanadvancedlighthelicopter,The Indian government plans to buy 300 for that country's military. HAL foresees total civil and military domestic orders at around 650.,,
hondaha420hondajet,One prototype (early 2004).,,
iaiarava,Total Arava production of more than 90 mainly for military customers.,,
iaiwestwind,"Westwind production ceased in 1987 after more than 250 were built, of which 36 were turbojet powered. 25 1123s and 244 1124s in service at late 1998.",,
ilyushinil103,"Russian certification was granted in early 1996, with first deliveries to Russian customers shortly after. Western certification and sales are planned. Approximately 15 were flying by late 1998. Unit price approx $US156,000.",,
ilyushinil114,Original requirement for 350 from various successors to Aeroflot in Russia. Approximately 15 built thus far.,,
ilyushinil14,"Production of the Il-14 is estimated at 1276 units, including 80 built by VEB in the former East Germany and 203 by Avia in the former Czechoslovakia. Very small numbers remain in service.",,
ilyushinil18,"Estimated production of over 600 aircraft for civilian operators, all initially delivered to airlines in the former Soviet Union, Eastern Europe, China, Cuba and various client states in Africa and Asia. Approximately 50 remain in service.",,
ilyushinil62,"Over 250 of all models built, of which over 75 were exported. Low rate production of Il-62M believed to have ceased during 1994. Over 120 remain in service.",,
ilyushinil76,"Over 900 Il-76s of all models built, most for the Russian military, but over 300 are in service with Aeroflot and other civilian operators.",,
ilyushinil86,"103 built (including four military command posts). Appoximately 90 were in service in late 1998, all with Russian and CIS operators and one Chinese airline.",,
ilyushinil96300,"Approximately 15 Il-96-300s have been built, of which six are in service with Aeroflot and three with Domodedovo Civil Aviation Enterprise and others in Russian government service (including one used as a presidential transport).",,
ilyushinil96mil96t,"At late 1998 50 Il-96M/-96T firm orders held, including from Aeroflot (17 Il-96Ms and 3 Il-96Ts), Transaero (six Il-96Ms) and Partnairs of the Netherlands.",,
iptnn250,At late 1998 firm orders stood at over 30.,,
israeliai1125astragulfstreamg100,Approx 140 Astras delivered by late 2002.,,
israeliai1126galaxygulfstreamg200,Approx 70 delivered by late 2002.,,
kamank1200kmax,The first K-Max was delivered in January 1994. By January 2001 36 had been ordered.,,
kamovka26ka226,"Ka-26 - Estimated 850 built for civil and military roles, with operators in over 15 countries.",,
kamovka32,"Currently in production, approximately 170 Ka32s have been delivered, mainly to Russian civil operators but a number have been leased by western companies and others operate throughout the globe on charter from their Russian owners.",,
kestrelk250,Deliveries will commence once US FAA certification is awarded but future of the program unclear at late 1998.,,
lakela4buccaneerrenegade,"Over 1000 built, including over 300 Renegades.",,
lancairlc40columbia300350400,"300 - More than 300 on order by late 2000. First delivery inFebruary 2000.
400 - First deliveries planned for late 2001. Lancair aims to build one aircraft a day from late 2001.",,
learjet2324252829,"740 turbojet powered Lear Jets built, comprising 105 23s, 258 24s, 368 25s; five 28s and four 29s. In late 2002 34 23s, 211 24s, 314 25s, five 28s and four 29s were in service worldwide.",,
learjet313536,"738 Learjet 35s and 36s were built, including 674 model 35s and 64 model 36s. Included in the 35s total are 84 C-21A delivered to the US Air Force and the Air National Guard. One more C-21A was acquired by the US Army as an ex civil aircraft.  
246 Learjet 31s were built.
At late 2002 630 Learjet 35s, 15 36s and 235 31s were in service.",,
letl200morava,"Total L-200 production 374, including 2 XL-200 prototypes, 10 L-200 preproduction aircraft, 160 L-200A, 197 L-200D plus 5 L-200D produced by Libis.",,
letl40metasokol,"Approximately 200 MetaSokols built between 1954 and 1961. Almost all production was of the four seat model, with only small numbers of the initial three seat model built.",,
letl410l420,"Almost 1100 L 410s of all variants built, including 31 L 410As, 110 L 410Ms and 560 L 410 UVPEs, with over 400 in service and more than 40 on order. One L 420 built.",,
letl610,Czech airline CSA is a provisional customer. Small numbers of L 610s were delivered to Aeroflot.,,
lockheedjetstar,"164 turbojet powered JetStars built by mid 1973. Lockheed built 40 new build turbofan powered JetStar IIs from 1976, while Garrett converted an additional 61 to JetStar 731 configuration. Approx 29 JT12 powered JetStars, 39 JetStar IIs and 48 Garrett converted JetStars in service at late 1998.",,
lockheedl100hercules,"Total L-100 built 114 (incl 22 L-100, 27 L-100-20, and 65 L-100-30).",,
lockheedl1011tristar150100150200250,"Total TriStar production of 250, of which 163 model 1, 13 model 100, 24 model 200, and 50 model 500 (the latter described separately).",,
lockheedl1011tristar500,50 built when production ceased in 1983.,,
lockheedl188electra,"170 Electras built, including 55 L-188Cs. Approx 40 in commercial service in late 2002, two used as corporate transports.",,
luscombemodel8silvaire,"Some 5970 Model 8s were built between 1938 and 1961, including 5840 by Luscombe, 50 by Temco, and 80 by Silvaire.",,
luscombespartan,"Approximately 300 ordered by late 1998. Certification and first deliveries planned for mid 1999. Altus factory could build up to 500 Spartans a year. 185 VFR base price at late 1998 $US138,500",,
maulem4tom7,More than 2000 of all variants produced.,,
mcdonnelldouglasdc10boeingmd10,386 civil DC-10s and 60 military KC-10As built. By early 2003 180 remaining in airline service. FedEx has ordered 89 MD-10 conversions.,,
mcdonnelldouglasdc9102030,"976 DC-9s of all models built including 137 -10s, 10 -20s and 662 -30s (including military C-9s). 97 DC-9-10s, 4 DC-9-20s and 381 DC-9-30s in airline service at late 2002. 9 DC-9-10s and 3 DC-9-30s used as corporate jets at late 2002.",,
mcdonnelldouglasdc94050,"Total DC-9 production of 976, including 71 Series 40s and 96 Series 50s. Approximately 53 -40s and 46 -50s remained in service in late 2002.",,
mcdonnelldouglasmd11,"200 MD-11 were delivered when production ended in 2001, comprising 136 MD-11, 5 MD-11C and 59 MD-11F.",,
mcdonnelldouglasmd81828388,"Total MD-80 series (inc MD-87) 1191 aircraft, of which 132 MD-81, 569 MD-82, 265 MD-83, 150 MD-88 (and 75 MD-87, see separate entry).",,
mcdonnelldouglasmd87,"Of total MD-80 sales of 1191, 75 were for MD-87s.",,
mcdonnelldouglasmd90,"A total of 114 MD-90s were built by McDonnell Douglas/Boeing, with production completed in 2000.  105 were in service in 2002. 3 MD-90-30Ts were built by Shenyang in China under the aborted Trunkliner program.",,
mdhelicoptersmd500530,"Approximately 4700 Hughes 500s and MD-500s have been built, including large numbers for military customers.",,
mdhelicoptersmd520n,Total built 102 by mid 2006.,,
mdhelicoptersmd600n,Total of 70 built by mid 2006.,,
milmi26,"Approximately 300 built, mostly for military use.",,
milmi34,Production of the Mi-34 began during 1993. Sporadic low rate production since.,,
milmi817,"Over 12,000 Mi-8s and Mi-17s built, but majority for military service.",,
millicerm10airtourer,"Certification and delivery of production aircraft planned for mid to late 1999. M10-160 price at late 1998 $A195,000 (approx $US125,000).",,
mitsubishimu2,"Over 800 built. Production comprised three MU-2As, 34 MU-2Bs, four military MU-2Cs (LR-1s), 18 MU-2Ds, 16 military SAR MU-2Ss (MU-2Es), 95 MU-2Fs, 46 MU-2Gs, 108 MU-2Js, 83 MU-2Ks, 36 MU-2Ls, 27 MU-2Ms, 36 MU-2Ns, 31 MU-2Ps, 130 plus Marquise and 60 plus Solitaires.",,
mooneym20tom20g,Over 5000 early model M-20 series aircraft built from the mid 1950s to the mid 1970s.,,
mooneym20jtom20s,Over 2250 of all models delivered since the mid 1970s.,,
namcys11,"182 YS-11s built comprising two prototypes, 48 series 100s, 83 Series 200s, 31 series 300s, eight series 400s, two series 500s and eight series 600s. Production total includes 23 for Japanese military. 66 remained in service at late 1998.",,
noorduynnorseman,"Norseman production ran from the late 1930s through until 1946 with Noorduyn, and then with CCF (Canadian Car and Foundry) until 1959, by which time 903 had been built by both manufacturers. Approximately 18 remain in use.",,
northamericanrockwell100darterlarkcommander,"6 Volaire 1035, 335 Model 100s/Darter Commanders and 213 Lark Commanders built.",,
northamericanryannavion,"Approximately 2500 aircraft of all models built, including 1100 North American NA145 Navions, 1000 Ryan built Navion 205s and 240 Super 260s, and small numbers of Rangemasters. Small numbers also converted to Twin Navions.",,
pacificaerospacect4airtrainer,"78 CT-4As and 38 CT-4Bs built mainly for military orders. Many (30+) ex RAAF CT-4As are now flying in civil hands mainly in Australia, some in New Zealand and the USA. 32 CT-4Es built.",,
pacificaerospacefletcherfu24cresco,"Almost 300 FU-24s built in the USA and New Zealand (70 in US, balance in NZ) since 1955. Approx 30 Crescos built.",,
partenaviap68,"400 built through to 1994, including 13 preproduction P.68As and 150 P.68B Victors. Six assembled by TAAL in India where licence production is planned.",,
piaggiop166,"Approximately 145 P-166s of all models built, including many for government and military customers. New production aircraft built on demand.",,
piaggiop180avanti,"Orders placed for approximately 42 Avantis (including three for the Italian air force for use as regional transports), with 30 built by early 1995. Production restarting against an Italian air force order for 12.",,
pilatuspc12,Over 280 PC-12s delivered by end of April.,,
pilatuspc6porterturboporter,"Over 500 Porters of all versions have been built, including 100 under licence in the USA and against various military orders.",,
pipercub,"Production includes 348 E-2s, 1169 J-2s, 20056 J-3s (including 5677 military O-59, L-4 and NE), 1251 J-4 Cub Coupes, 1506 J-5 Cub Cruisers, 1541 PA-11 Cub Specials, 3759 PA-12 Super Cruisers and 238 PA-14 Family Cruisers.",,
piperpa18supercub,Almost 7500 Super Cubs (including 1700 military) built until 1981 when production originally ceased. Piper production for WTA between 1982 and 1988 totalled 250. Piper production between 1988 and 1994 approximately 100.,,
piperpa2022pacertripacercaribbeancolt,"Total PA-22 production of 9490 comprising 7641 Tri-Pacers and Caribbeans and 1849 Colts, while 1120 PA-20 Pacers were built.",,
piperpa23apacheaztec,"Almost 7000 PA-23s built, comprising 2047 Apaches and 4930 Aztecs, including a small number of military sales.",,
piperpa24comanche,"Total PA-24 production 4856, including 1143 180s, 2537 250s, 1028 260s and 260 Ts, and 148 400s.",,
piperpa25pawnee,Total PA-25 Pawnee production 5015.,,
piperpa28cherokeeseries,"By end 2004, over 30,200 fixed undercarriage PA-28 Cherokee series were built, including 10,089 PA-28-140s, 7455 PA-28-150/160/180s, 4256 PA-28-181s, 5504 PA-28-151/161s, 2856 PA-28-235/236s and 91 PA-28-201Ts.",,
piperpa28rcherokeearrow,"Approximately 6000 PA-28Rs of all models built, including 81 PA-28R-180Bs, 1664 PA-28R-200s and -201s, and 1291 PA-28R-201Ts and PA-28RT-201Ts.",,
piperpa3039twincomanche,"Total Twin Comanche production was 2156, comprising 2001 PA-30s and 155 PA-39s.",,
piperpa31chieftainmojavet1020t1040,"Production : 1827 Chieftain, 52 Mojave, 21 T-1020, 24 T-1040, and 2 experimental PA-31-353.",,
piperpa31navajopressurizednavajo,"Total PA-31 Navajo production of 2044, including 14 PA-31-300, 1771 PA-31-310/325, and 259 PA-31P-425 Pressurized Navajo.",,
piperpa31tcheyenne,"Total PA-31T Cheyenne production of 823, comprising 526 Cheyenne and Cheyenne IIs, 215 Cheyenne I & IAs and 82 Cheyenne IIXLs.",,
piperpa32cherokeesixlancesaratoga,"By the end of 2004, 7842 PA-32s of all versions have been built, including 4420 PA-32s and 3422 PA-32Rs.",,
piperpa34seneca,"Approximately 4750 Senecas built by Piper (incl approx 200 Vs), plus approx 20 Seneca IIs licence built in Poland by PZL-Mielec as the M-20 Mewa, and over 870 in Brazil by Embraer as the EMB-810.",,
piperpa36pawneebrave,Total PA-36 production 926.,,
piperpa38tomahawk,2497 Tomahawks were built between 1978 and 1983.,,
piperpa42cheyenneiii400,"Total manufactured 192, including 149 III/IIIAs and 43 400s.",,
piperpa44seminole,"Total Seminole production through to end 2004 amounted to 672, including 86 Turbo Seminoles.",,
piperpa46malibumeridian,"PA-46T - 212 had been built by end 2004.
DLX - by March 2005, 160 piston-engined PA-46s had been converted.",,
piperpa46malibumalibumirage,"PA-46-300T - 1
PA-46-310P - 404
PA-46-350P - 645 by mid 2004",,
piperpa60aerostar,"1010 Aerostars built, including 491 by Ted Smith and 519 by Piper.",,
pittss12special,"Factory built: 64 S-1S, 61 S-1T, 272 S-2 & S-2A, 358 S-2B, 67 (by 2004) S-2C, 17 S-2S.
Homebuilt: 900+",,
pzlmielecm18dromader,"By 2002 over 715 Dromaders built, most for export. M-18 single-seater production ceased in 1984 after 230 built.",,
pzlokeciepzl110111koliber,"Total Franklin powered Series I, II and III production approximately 40 units. Approx 75 Lycoming powered Kolibers built.",,
pzlswidnikmilmi2kania,More than 5500 mainly military Mi2s built since 1965. 16 Kanias (including prototypes) built thus far.,,
pzlswidniksw4,Two flying prototypes and one static prototype built by 1998. First deliveries planned during 1999.,,
pzlswidnikw3sokol,"Approximately 130 Sokols of all models have been built, including against Polish military orders.",,
pzlwarszawaokeciepzl104wilga,More than 965 Wilgas built since the mid 1960s. Small numbers of Wilga 2000s built.,,
raytheon390premieri,More than 300 orders held at late 2001. First deliveries planned for second half of 2001. Planned production of 50 per year.,,
raytheon90100kingair,Approx 1925 of all variants of the King Air 90 family built (including 226 military orders). Approx 350 King Air 100s built.,,
raytheonbeechcraft1900,207 civil Beech 1900Cs were built when production ended. More than 300 1900Ds had been ordered at the time of writing.,,
raytheonbeechcraftbaron,"Production of the Model 58 Baron continues, with more than 2500 of all variants built by late 1998.",,
raytheonbeechcraftbonanza,3352 Model 33s built through to 1996. 3760 normally aspirated Model 36s built with production continuing. Over 600 turbocharged models built.,,
raytheonbeechcraftkingair200,"Over 1700 King Air 200s have been delivered to civil and commercial customers, while over 400 have been delivered to military forces.",,
raytheonbeechcraftkingair300350,219 King Air 300s were built when production ended in 1991. Production of the 300LW ceased in 1994 after 35 had been built. Over 220 King Air 350s delivered.,,
raytheonbeechjet400,Total Beechjet 400 production 64. 200th civilian 400A delivered in October 1998. In addition 180 modified 400As built for the US Air Force as T-1A Jayhawk tanker/transport trainers.,,
raytheonhawker1000,Production ceased after 52 built.,,
raytheonhawker800britishaerospacehs125700,"215 HS-125-700s built and more than 360 Hawker 800s built, with 50 to be produced in 1999. Over 1000 125 series aircraft ordered including military versions.",,
raytheonhawkerhorizon,Certification and first deliveries planned for the northern spring of 2001. Over 20 orders held at late 1998.,,
republicrc3seabee,Total Seabee production of 1060 built between 1946 and 1947.,,
robindr400500,Over 1850 DR-400s of all variants built. Over 40 Dr-500s built.,,
robinhr200r2000alpha,Approx 160 200s and 130 R 2000s built.,,
robinr3000,Approximately 75 examples of the two versions of the R 3000 had been delivered.,,
robinsonr44,"By September 2000, 868 R-44s had been delivered since production began in late 1992.",,
robinsonr22,Over 2900 R22s of all versions have been built (including some against military orders).,,
rockwell500520560680685720commander,"Total 1999, including 1 L-3805, 150 520s, 345 560 series, 1 360, 789 500 series, 700 680 series, and 13 720s.",,
rockwellcommander112114,Production of the 112 and 114 series ceased in 1979.,,
rockwellsabreliner,"Over 600 civil Sabreliners built, plus 200 T39s. Over 380 remained in use in late 1998 (including 36 T-39s in civil use).",,
ruschmeyerr90,Approximately 30 R 90-230 RG builts before production ceased.,,
saab2000,63 built.,,
saab340,430 Saab 340s ordered with production winding up in 1998. 340A production ended in September 1989 with 159 built.,,
schweizer269300,"Total 269/TH58/300 production over 3400 aircraft, of which 2800 were built by Hughes before production transferred to Schweizer. Total includes military production.",,
schweizer330,Deliveries began in mid 1993. Approx 25 built.,,
scottishaviationtwinpioneer,"Total Twin Pioneer production of 91, including 32 CC1s and seven CC2s for Britain's Royal Air Force and others for the Royal Malayan Air Force. Production ceased in 1964.",,
short330,"330 production wound up in September 1992 after 136 had been built, including military C23 Sherpas and 330UTs. Approximately 35 were in airline service at late 1998.",,
short360,Production ceased in 1991 after approx 165 had been delivered. Approx 110 were in airline service in late 1998.,,
shortbelfast,Only 10 Belfasts built specifically for the UK's Royal Air Force. One remains in commercial service with Heavylift in 1998 (none are in military service).,,
shortskyvanskyliner,"150 Skyvans and Skyliners built between the mid 1960s and 1987, almost all of which were Series 3s (including almost 60 military Series 3Ms).",,
siaimarchettis205208,"Approx 620 S-205s, including 62 S-220 Sirius and Vela assembled by Waco in the USA. 
Approx 120 S-208s built, including 40 for the Italian air force as S-208M.",,
sikorskys55westlandwhirlwind,"Total Sikorsky S-55 production of 1281 aircraft, most for military service with US forces, 44 built under licence in Japan and 400 as Westland Whirlwinds. Approximately 40 S-55T conversions.",,
sikorskys76,"Total S76 production in late 1998 of approximately 480, comprising 284 S76As, 101 S76Bs, 17 S76A+, 43 S76Cs and 35 S-76C+s. Over 70 S76As converted to S76A+ standard.",,
sikorskys92helibus,"Five prototypes (one ground test vehicle and four flying ones) are used in the development program since December 1998. 
Certification and first deliveries planned for 2002.",,
sikorskys58,1821 S58s built mainly for military but also for civil use between 1954 and 1970.,,
sikorskys61ls61n,Production ceased in 1979 when 116 S61Ns and S61Ls had been delivered.,,
sikorskys62,"Approximately 175 S62s built, including 99 HH52s for the US Coast Guard, 50 Sikorsky built S62s for commercial operators and 25 under licence in Japan (including 18 for the Japanese military and three for Japanese commercial operators).",,
sinoswearingensj302,At late 2000 175 orders held. First deliveries scheduled for third quarter 2003.,,
slingsbyt67firefly,"281 civil and military T-67s of all models built by December 2002, most for military and quasi military customers.",,
socatagy80horizonst10diplomate,267 GY-80 Horizons of all models and 55 ST-10 Diplomates were built. Production ceased in 1974.,,
socatams180ms250morane,Deliveries due to begin in 2000.,,
socatarallye,More than 3500 built.,,
socatatangaragulfstreamga7,GA7s were built in 1978 and 1979.,,
socatatb9102021200tampicotobagotrinidad,"Over 1900 built including over 470 Tampicos/Tampico Clubs, over 725 Tobagos and 680 Trinidads and Trinidad TCs.",,
socatatbm700,More than 125 in service worldwide. Total of 25 ordered for the French air force and army.,,
sudse210caravelle,282 production Caravelles built between 1958 and 1972. 8 remained in commercial service in late 2002.,,
sukhoisu26su29su31,"Production includes approximately 60 Su29s, 70 Su26s and 25 Su-31s.",,
sukhoisuperjet100,The first production Superjet 100 was handed over to launch customer Armavia on 19 April 2011.,,
taylorcraftseries,"Taylorcraft production includes 100 prewar Model As, 1800 military L-2s, more than 2800 postwar BC-12Ds, and more than 120 F-19 Sportsmans.",,
technoaviasm92finist,"Production aircraft built at the Smolensk Aircraft Factory Approximately a dozen built by 1998. The Finist is priced at $US180,000 to $US300,000.",,
transaviaairtrukskyfarmer,"Total production of 120 plus, including 18 assembled in New Zealand. Production complete.",,
tupolevtu134,"Production estimated at over 700, most for Aeroflot, but approximately 170 exported to various east European airlines and other Soviet client states. Approx 365 were in service in late 1998.",,
tupolevtu154,"Approximately 900 Tu-154s of all models have been built, including approximately 325 Tu-154Ms. Approx 580 were in service in late 1998.",,
tupolevtu204tu214,Fifteen Tu-204s were in airline service in 2002.,,
tupolevtu334,Two prototypes were built but the type never went into commercial production.,,
vickersvc10,"Standard: Type 1100 - 1, Type 1101 - 12, Type 1102 - 2, Type 1103 - 3, Type 1106 - 14, Type 1109 -1, a conversion from 1100. Total 32. Super: Type 1151 - 17, Type 1154 - 5. Total 22.",,
vickersviscount,"Total Viscount production reached 436 aircraft. Approx 3 Viscounts in service in 2004, all in Africa.",,
victaaircruiser,One prototype only.,,
victaairtourer,"170 Victa built 100s and 115s, AESL production of 80.",,
visionairevantage,"At late 1998 VisionAire held orders for 150 Vantages. First two production aircraft due to be completed in early 1999, certification and first deliveries planned for 2000. Unit price approx $US1.8m.",,
weatherly201620,The three model types were built in relatively small numbers (including more than 100 Model 201s). By mid 2000 at least 155 Model 620/620TPs had been built.,,
yakovlevyak18t,"Estimated Yak-18T production of 200, with more than 150 still in service in Russia. Production initially ceased in 1989, but resumed by the Smolensk Aircraft Factory in 1993.",,
yakovlevyak40,"Total Yak-40 production is 1011, of which approximately 750 were built for Aeroflot. Approximately 490 remained in airline service in late 2000, others are used as corporate transports.",,
yakovlevyak42,"More than 180 built, with most delivered to Aeroflot and its successors. Approx 150 were in commercial service in 1998.",,
zlintrenerakrobat,"More than 1400 of all variants built, many against military and government flying school orders.",,
zlinz42z43z142z242z143,"Total production includes more than 350 142s, approx 40 Z 242 Ls and 35 Z 143s, including military orders.",,
