Model_ID,Source_URL,Bibliography
aasijetcruzer,https://www.airliners.net/aircraft-data/aasi-jetcruzer/2,Airliners.net
aeaexplorer,https://www.airliners.net/aircraft-data/aea-explorer/1,Airliners.net
aermacchif260,https://www.airliners.net/aircraft-data/aermacchi-f-260/3,Airliners.net
aeroboeroab95115150180,https://www.airliners.net/aircraft-data/aero-boero-ab-95115150180/4,Airliners.net
aeronca11chief,https://www.airliners.net/aircraft-data/aeronca-11-chief/399,Airliners.net
aeronca7champion,https://www.airliners.net/aircraft-data/aeronca-7-champion/5,Airliners.net
aerospatialealouetteiilama,https://www.airliners.net/aircraft-data/aerospatiale-alouette-ii-lama/7,Airliners.net
aerospatialealouetteiii,https://www.airliners.net/aircraft-data/aerospatiale-alouette-iii/8,Airliners.net
aerospatialebritishaerospaceconcorde,https://www.airliners.net/aircraft-data/aerospatiale-british-aerospace-concorde/6,Airliners.net
aerospatialen262fregatemohawk298,https://www.airliners.net/aircraft-data/aerospatiale-n-262-fregate-mohawk-298/12,Airliners.net
aerospatialesa330puma,https://www.airliners.net/aircraft-data/aerospatiale-sa-330-puma/9,Airliners.net
aerospatialesa341342gazelle,https://www.airliners.net/aircraft-data/aerospatiale-sa-341342-gazelle/10,Airliners.net
aerospatialesa360361365cdauphin,https://www.airliners.net/aircraft-data/aerospatiale-sa-360361365c-dauphin/11,Airliners.net
aerospatialesn601corvette,https://www.airliners.net/aircraft-data/aerospatiale-sn-601-corvette/13,Airliners.net
agustaa109,https://www.airliners.net/aircraft-data/agusta-a-109/15,Airliners.net
agustaa119koala,https://www.airliners.net/aircraft-data/agusta-a-119-koala/16,Airliners.net
airtractorseries,https://www.airliners.net/aircraft-data/air-tractor-series/31,Airliners.net
airbusa300600,https://www.airliners.net/aircraft-data/airbus-a300-600/18,Airliners.net
airbusa300600stsupertransporter,https://www.airliners.net/aircraft-data/airbus-a300-600st-super-transporter/19,Airliners.net
airbusa300b2b4,https://www.airliners.net/aircraft-data/airbus-a300b2b4/17,Airliners.net
airbusa310,https://www.airliners.net/aircraft-data/airbus-a310/20,Airliners.net
airbusa318,https://www.airliners.net/aircraft-data/airbus-a318/21,Airliners.net
airbusa319,https://www.airliners.net/aircraft-data/airbus-a319/22,Airliners.net
airbusa319cj,https://www.airliners.net/aircraft-data/airbus-a319cj/30,Airliners.net
airbusa320,https://www.airliners.net/aircraft-data/airbus-a320/23,Airliners.net
airbusa321,https://www.airliners.net/aircraft-data/airbus-a321/24,Airliners.net
airbusa330200,https://www.airliners.net/aircraft-data/airbus-a330-200/26,Airliners.net
airbusa330300,https://www.airliners.net/aircraft-data/airbus-a330-300/25,Airliners.net
airbusa340200300,https://www.airliners.net/aircraft-data/airbus-a340-200300/27,Airliners.net
airbusa340500600,https://www.airliners.net/aircraft-data/airbus-a340-500600/28,Airliners.net
airbusa380,https://www.airliners.net/aircraft-data/airbus-a380/29,Airliners.net
americanchampionbellancaseries,https://www.airliners.net/aircraft-data/american-champion-bellanca-series/34,Airliners.net
antonovan12shaanxiy8,https://www.airliners.net/aircraft-data/antonov-an-12-shaanxi-y-8/35,Airliners.net
antonovan124ruslan,https://www.airliners.net/aircraft-data/antonov-an-124-ruslan/40,Airliners.net
antonovan140,https://www.airliners.net/aircraft-data/antonov-an-140/405,Airliners.net
antonovan22antei,https://www.airliners.net/aircraft-data/antonov-an-22-antei/36,Airliners.net
antonovan225mriya,https://www.airliners.net/aircraft-data/antonov-an-225-mriya/389,Airliners.net
antonovan24263032xiany7,https://www.airliners.net/aircraft-data/antonov-an-24263032-xian-y-7/37,Airliners.net
antonovan38,https://www.airliners.net/aircraft-data/antonov-an-38/404,Airliners.net
antonovan7274,https://www.airliners.net/aircraft-data/antonov-an-7274/39,Airliners.net
antonovpzlmielecan2,https://www.airliners.net/aircraft-data/antonovpzl-mielec-an-2/33,Airliners.net
antonovpzlmielecan28,https://www.airliners.net/aircraft-data/antonovpzl-mielec-an-28/38,Airliners.net
atratr42,https://www.airliners.net/aircraft-data/atr-atr-42/41,Airliners.net
atratr72,https://www.airliners.net/aircraft-data/atr-atr-72/42,Airliners.net
austerjseries,https://www.airliners.net/aircraft-data/auster-j-series/43,Airliners.net
aviata1husky,https://www.airliners.net/aircraft-data/aviat-a-1-husky/44,Airliners.net
aviationtradersatl98carvair,https://www.airliners.net/aircraft-data/aviation-traders-atl-98-carvair/49,Airliners.net
ayresthrushrockwellthrushcommander,https://www.airliners.net/aircraft-data/ayres-thrush-rockwell-thrush-commander/53,Airliners.net
bac111oneeleven,https://www.airliners.net/aircraft-data/bac-111-one-eleven/54,Airliners.net
baesystemsavrorjx85100,https://www.airliners.net/aircraft-data/bae-systems-avro-rjx85100/48,Airliners.net
beagleb121pup,https://www.airliners.net/aircraft-data/beagle-b-121-pup/59,Airliners.net
beagleb206,https://www.airliners.net/aircraft-data/beagle-b-206/60,Airliners.net
beech18,https://www.airliners.net/aircraft-data/beech-18/61,Airliners.net
beech192324musketeersierrasportsundowner,https://www.airliners.net/aircraft-data/beech-192324-musketeersierrasportsundowner/62,Airliners.net
beech2000starship1,https://www.airliners.net/aircraft-data/beech-2000-starship-1/69,Airliners.net
beech35bonanza,https://www.airliners.net/aircraft-data/beech-35-bonanza/63,Airliners.net
beech60duke,https://www.airliners.net/aircraft-data/beech-60-duke/67,Airliners.net
beech65708088queenair,https://www.airliners.net/aircraft-data/beech-65708088-queen-air/65,Airliners.net
beech76duchess,https://www.airliners.net/aircraft-data/beech-76-duchess/68,Airliners.net
beech77skipper,https://www.airliners.net/aircraft-data/beech-77-skipper/64,Airliners.net
beech99airliner,https://www.airliners.net/aircraft-data/beech-99-airliner/66,Airliners.net
bell204205214b,https://www.airliners.net/aircraft-data/bell-204205214b/73,Airliners.net
bell206jetranger,https://www.airliners.net/aircraft-data/bell-206-jetranger/71,Airliners.net
bell206llongranger,https://www.airliners.net/aircraft-data/bell-206l-longranger/72,Airliners.net
bell206lttwinrangertridairgeminist,https://www.airliners.net/aircraft-data/bell-206lt-twinranger-tridair-gemini-st/81,Airliners.net
bell212twintwotwelve,https://www.airliners.net/aircraft-data/bell-212-twin-twotwelve/74,Airliners.net
bell214stsupertransport,https://www.airliners.net/aircraft-data/bell-214st-supertransport/76,Airliners.net
bell222230,https://www.airliners.net/aircraft-data/bell-222-230/77,Airliners.net
bell407,https://www.airliners.net/aircraft-data/bell-407/79,Airliners.net
bell412,https://www.airliners.net/aircraft-data/bell-412/75,Airliners.net
bell427,https://www.airliners.net/aircraft-data/bell-427/80,Airliners.net
bell430,https://www.airliners.net/aircraft-data/bell-430/78,Airliners.net
bell47,https://www.airliners.net/aircraft-data/bell-47/70,Airliners.net
bellagustaba609,https://www.airliners.net/aircraft-data/bell-agusta-ba-609/82,Airliners.net
berievbe200,https://www.airliners.net/aircraft-data/beriev-be-200/84,Airliners.net
berievbe3032,https://www.airliners.net/aircraft-data/beriev-be-3032/83,Airliners.net
boeing707,https://www.airliners.net/aircraft-data/boeing-707/87,Airliners.net
boeing717,https://www.airliners.net/aircraft-data/boeing-717/111,Airliners.net
boeing720,https://www.airliners.net/aircraft-data/boeing-720/88,Airliners.net
boeing727100,https://www.airliners.net/aircraft-data/boeing-727-100/89,Airliners.net
boeing727200,https://www.airliners.net/aircraft-data/boeing-727-200/90,Airliners.net
boeing737100200,https://www.airliners.net/aircraft-data/boeing-737-100200/91,Airliners.net
boeing737300,https://www.airliners.net/aircraft-data/boeing-737-300/92,Airliners.net
boeing737400,https://www.airliners.net/aircraft-data/boeing-737-400/93,Airliners.net
boeing737500,https://www.airliners.net/aircraft-data/boeing-737-500/94,Airliners.net
boeing737600700,https://www.airliners.net/aircraft-data/boeing-737-600700/95,Airliners.net
boeing737700800bbjbbj2,https://www.airliners.net/aircraft-data/boeing-737-700800-bbjbbj2/108,Airliners.net
boeing737800900,https://www.airliners.net/aircraft-data/boeing-737-800900/96,Airliners.net
boeing747100200,https://www.airliners.net/aircraft-data/boeing-747-100-200/97,Airliners.net
boeing747300,https://www.airliners.net/aircraft-data/boeing-747-300/99,Airliners.net
boeing747400,https://www.airliners.net/aircraft-data/boeing-747-400/100,Airliners.net
boeing747sp,https://www.airliners.net/aircraft-data/boeing-747sp/98,Airliners.net
boeing757200,https://www.airliners.net/aircraft-data/boeing-757-200/101,Airliners.net
boeing757300,https://www.airliners.net/aircraft-data/boeing-757-300/102,Airliners.net
boeing767200,https://www.airliners.net/aircraft-data/boeing-767-200/103,Airliners.net
boeing767300,https://www.airliners.net/aircraft-data/boeing-767-300/104,Airliners.net
boeing767400,https://www.airliners.net/aircraft-data/boeing-767-400/105,Airliners.net
boeing777200,https://www.airliners.net/aircraft-data/boeing-777-200/106,Airliners.net
boeing777300,https://www.airliners.net/aircraft-data/boeing-777-300/107,Airliners.net
boeing7878dreamliner,https://www.airliners.net/aircraft-data/boeing-787-8-dreamliner/407,Airliners.net
boeingb17flyingfortress,https://www.airliners.net/aircraft-data/boeing-b-17-flying-fortress/391,Airliners.net
boeingc97stratofreighter,https://www.airliners.net/aircraft-data/boeing-c-97-stratofreighter/86,Airliners.net
boeingcommercialchinook,https://www.airliners.net/aircraft-data/boeing-commercial-chinook/118,Airliners.net
boeingmdexplorer,https://www.airliners.net/aircraft-data/boeing-md-explorer/116,Airliners.net
boeingstearman,https://www.airliners.net/aircraft-data/boeing-stearman/85,Airliners.net
boeingvertolkawasakikv107,https://www.airliners.net/aircraft-data/boeing-vertol-kawasaki-kv-107/117,Airliners.net
bombardierbd100challenger300,https://www.airliners.net/aircraft-data/bombardier-bd-100-challenger-300/129,Airliners.net
bombardierbd700globalexpress,https://www.airliners.net/aircraft-data/bombardier-bd-700-global-express/124,Airliners.net
bombardierlearjet45,https://www.airliners.net/aircraft-data/bombardier-learjet-45/127,Airliners.net
bombardierlearjet5560,https://www.airliners.net/aircraft-data/bombardier-learjet-55-60/128,Airliners.net
brantlyb2305,https://www.airliners.net/aircraft-data/brantly-b2-305/130,Airliners.net
bristol170freighter,https://www.airliners.net/aircraft-data/bristol-170-freighter/132,Airliners.net
britishaerospaceatp,https://www.airliners.net/aircraft-data/british-aerospace-atp/58,Airliners.net
britishaerospaceavrorj7085100,https://www.airliners.net/aircraft-data/british-aerospace-avro-rj7085100/47,Airliners.net
britishaerospacebae146,https://www.airliners.net/aircraft-data/british-aerospace-bae-146/45,Airliners.net
britishaerospacejetstream31super31,https://www.airliners.net/aircraft-data/british-aerospace-jetstream-31super-31/55,Airliners.net
britishaerospacejetstream41,https://www.airliners.net/aircraft-data/british-aerospace-jetstream-41/56,Airliners.net
brittennormanbn2islander,https://www.airliners.net/aircraft-data/britten-norman-bn-2-islander/131,Airliners.net
brittennormanbn2amk3trislander,https://www.airliners.net/aircraft-data/britten-norman-bn-2a-mk3-trislander/134,Airliners.net
canadaircl215415,https://www.airliners.net/aircraft-data/canadair-cl-215-415/119,Airliners.net
canadaircl44yukon,https://www.airliners.net/aircraft-data/canadair-cl-44-yukon/133,Airliners.net
canadaircl600challenger600,https://www.airliners.net/aircraft-data/canadair-cl-600-challenger-600/135,Airliners.net
canadaircl600challenger601604,https://www.airliners.net/aircraft-data/canadair-cl-600-challenger-601-604/123,Airliners.net
canadaircl600regionaljetcrj100200,https://www.airliners.net/aircraft-data/canadair-cl-600-regional-jet-crj-100-200/125,Airliners.net
canadaircl600regionaljetcrj700,https://www.airliners.net/aircraft-data/canadair-cl-600-regional-jet-crj-700/126,Airliners.net
capaviationcap102021230231232,https://www.airliners.net/aircraft-data/cap-aviation-cap-102021230231232/32,Airliners.net
casac212aviocar,https://www.airliners.net/aircraft-data/casa-c212-aviocar/136,Airliners.net
casaiptncn235,https://www.airliners.net/aircraft-data/casaiptn-cn235/137,Airliners.net
cessna150152,https://www.airliners.net/aircraft-data/cessna-150-152/138,Airliners.net
cessna170,https://www.airliners.net/aircraft-data/cessna-170/139,Airliners.net
cessna172skyhawkearlymodels175skylark,https://www.airliners.net/aircraft-data/cessna-172-skyhawk-early-models-175-skylark/140,Airliners.net
cessna172skyhawklatermodels,https://www.airliners.net/aircraft-data/cessna-172-skyhawk-later-models/141,Airliners.net
cessna172rsskyhawk,https://www.airliners.net/aircraft-data/cessna-172rs-skyhawk/142,Airliners.net
cessna177cardinal,https://www.airliners.net/aircraft-data/cessna-177-cardinal/143,Airliners.net
cessna180185skywagon,https://www.airliners.net/aircraft-data/cessna-180-185-skywagon/144,Airliners.net
cessna182skylane,https://www.airliners.net/aircraft-data/cessna-182-skylane/145,Airliners.net
cessna188agwagonseries,https://www.airliners.net/aircraft-data/cessna-188-agwagon-series/146,Airliners.net
cessna205206207,https://www.airliners.net/aircraft-data/cessna-205-206-207/147,Airliners.net
cessna208caravanigrandcaravancargomaster,https://www.airliners.net/aircraft-data/cessna-208-caravan-i-grand-caravan-cargomaster/158,Airliners.net
cessna210centurion,https://www.airliners.net/aircraft-data/cessna-210-centurion/148,Airliners.net
cessna310320,https://www.airliners.net/aircraft-data/cessna-310320/149,Airliners.net
cessna336337skymaster,https://www.airliners.net/aircraft-data/cessna-336-337-skymaster/150,Airliners.net
cessna340335,https://www.airliners.net/aircraft-data/cessna-340-335/151,Airliners.net
cessna404titan,https://www.airliners.net/aircraft-data/cessna-404-titan/152,Airliners.net
cessna411401402,https://www.airliners.net/aircraft-data/cessna-411-401-402/153,Airliners.net
cessna421414,https://www.airliners.net/aircraft-data/cessna-421-414/154,Airliners.net
cessna500501citationcitationicitationisp,https://www.airliners.net/aircraft-data/cessna-500-501-citation-citation-i-citation-isp/157,Airliners.net
cessna560citationvultraultraencore,https://www.airliners.net/aircraft-data/cessna-560-citation-v-ultra-ultra-encore/162,Airliners.net
cessna560xlcitationexcel,https://www.airliners.net/aircraft-data/cessna-560xl-citation-excel/161,Airliners.net
cessna680citationsovereign,https://www.airliners.net/aircraft-data/cessna-680-citation-sovereign/164,Airliners.net
cessnacitationiibravo,https://www.airliners.net/aircraft-data/cessna-citation-ii-bravo/160,Airliners.net
cessnacitationiiivivii,https://www.airliners.net/aircraft-data/cessna-citation-iii-vi-vii/163,Airliners.net
cessnacitationx,https://www.airliners.net/aircraft-data/cessna-citation-x/166,Airliners.net
cessnacitationjetcj1cj2,https://www.airliners.net/aircraft-data/cessna-citationjet-cj1-cj2/159,Airliners.net
cessnacorsairconquestiiicaravanii,https://www.airliners.net/aircraft-data/cessna-corsair-conquest-i-ii-caravan-ii/156,Airliners.net
cessnat303crusader,https://www.airliners.net/aircraft-data/cessna-t303-crusader/155,Airliners.net
chichestermilesleopard,https://www.airliners.net/aircraft-data/chichester-miles-leopard/165,Airliners.net
cirrussr2022,https://www.airliners.net/aircraft-data/cirrus-sr-2022/167,Airliners.net
commander114b,https://www.airliners.net/aircraft-data/commander-114b/168,Airliners.net
convair2403404405405806006405800,https://www.airliners.net/aircraft-data/convair-2403404405405806006405800/169,Airliners.net
curtissc46commando,https://www.airliners.net/aircraft-data/curtiss-c46-commando/171,Airliners.net
dassaultfalcon2000,https://www.airliners.net/aircraft-data/dassault-falcon-2000/176,Airliners.net
dassaultfalcon50,https://www.airliners.net/aircraft-data/dassault-falcon-50/174,Airliners.net
dassaultfalcon900,https://www.airliners.net/aircraft-data/dassault-falcon-900/175,Airliners.net
dassaultmystrefalcon10100,https://www.airliners.net/aircraft-data/dassault-myst%C3%A8refalcon-10-100/172,Airliners.net
dassaultmystrefalcon20200,https://www.airliners.net/aircraft-data/dassault-myst%C3%A8refalcon-20-200/173,Airliners.net
dehavillandcanadadash7,https://www.airliners.net/aircraft-data/de-havilland-canada-dash-7/182,Airliners.net
dehavillandcanadadhc1chipmunk,https://www.airliners.net/aircraft-data/de-havilland-canada-dhc-1-chipmunk/177,Airliners.net
dehavillandcanadadhc3otter,https://www.airliners.net/aircraft-data/de-havilland-canada-dhc-3-otter/179,Airliners.net
dehavillandcanadadhc4caribou,https://www.airliners.net/aircraft-data/de-havilland-canada-dhc-4-caribou/180,Airliners.net
dehavillandcanadadhc6twinotter,https://www.airliners.net/aircraft-data/de-havilland-canada-dhc-6-twin-otter/181,Airliners.net
dehavillandcanadadhc8100200dash8,https://www.airliners.net/aircraft-data/de-havilland-canada-dhc-8-100200-dash-8/120,Airliners.net
dehavillandcanadadhc8300dash8,https://www.airliners.net/aircraft-data/de-havilland-canada-dhc-8-300-dash-8/121,Airliners.net
dehavillandcanadadhc8400dash8,https://www.airliners.net/aircraft-data/de-havilland-canada-dhc-8-400-dash-8/122,Airliners.net
dehavillandcanadadhc2beaver,https://www.airliners.net/aircraft-data/de-havilland-canada-dhc2-beaver/178,Airliners.net
dehavillanddh104dove,https://www.airliners.net/aircraft-data/de-havilland-dh104-dove/184,Airliners.net
dehavillanddh114heron,https://www.airliners.net/aircraft-data/de-havilland-dh114-heron/185,Airliners.net
dehavillanddh82tigermoth,https://www.airliners.net/aircraft-data/de-havilland-dh82-tiger-moth/183,Airliners.net
diamondda40diamondstar,https://www.airliners.net/aircraft-data/diamond-da-40-diamond-star/402,Airliners.net
diamondda42twinstar,https://www.airliners.net/aircraft-data/diamond-da-42-twin-star/403,Airliners.net
dornier228,https://www.airliners.net/aircraft-data/dornier-228/211,Airliners.net
dornier328,https://www.airliners.net/aircraft-data/dornier-328/212,Airliners.net
dornierdo27,https://www.airliners.net/aircraft-data/dornier-do-27/186,Airliners.net
dornierdo28128,https://www.airliners.net/aircraft-data/dornier-do-28-128/187,Airliners.net
douglasdc3,https://www.airliners.net/aircraft-data/douglas-dc-3/188,Airliners.net
douglasdc4,https://www.airliners.net/aircraft-data/douglas-dc-4/189,Airliners.net
douglasdc6,https://www.airliners.net/aircraft-data/douglas-dc-6/190,Airliners.net
douglasdc7,https://www.airliners.net/aircraft-data/douglas-dc-7/191,Airliners.net
douglasdc81020304050,https://www.airliners.net/aircraft-data/douglas-dc-8-1020304050/192,Airliners.net
douglasdc86070,https://www.airliners.net/aircraft-data/douglas-dc-8-6070/194,Airliners.net
ehindustrieseh101,https://www.airliners.net/aircraft-data/eh-industries-eh-101/193,Airliners.net
embraeremb110bandeirante,https://www.airliners.net/aircraft-data/embraer-emb-110-bandeirante/195,Airliners.net
embraeremb120brasilia,https://www.airliners.net/aircraft-data/embraer-emb120-brasilia/196,Airliners.net
embraeremb121xingu,https://www.airliners.net/aircraft-data/embraer-emb121-xingu/199,Airliners.net
embraererj135140legacy,https://www.airliners.net/aircraft-data/embraer-erj-135140-legacy/197,Airliners.net
embraererj145,https://www.airliners.net/aircraft-data/embraer-erj-145/198,Airliners.net
embraererj170175190195,https://www.airliners.net/aircraft-data/embraer-erj-170175190195/406,Airliners.net
enstromf28280480,https://www.airliners.net/aircraft-data/enstrom-f-28280480/200,Airliners.net
ercoercoupeandderivatives,https://www.airliners.net/aircraft-data/erco-ercoupe-and-derivatives/393,Airliners.net
eurocopteras332superpuma,https://www.airliners.net/aircraft-data/eurocopter-as-332-super-puma/203,Airliners.net
eurocopteras350ecureuil,https://www.airliners.net/aircraft-data/eurocopter-as-350-ecureuil/202,Airliners.net
eurocopteras355ecureuil2,https://www.airliners.net/aircraft-data/eurocopter-as-355-ecureuil-2/201,Airliners.net
eurocopteras365ndauphin2ec155,https://www.airliners.net/aircraft-data/eurocopter-as-365n-dauphin-2-ec-155/204,Airliners.net
eurocopterbo105ecsuperfive,https://www.airliners.net/aircraft-data/eurocopter-bo-105-ec-super-five/205,Airliners.net
eurocopterec120colibri,https://www.airliners.net/aircraft-data/eurocopter-ec-120-colibri/207,Airliners.net
eurocopterec135635,https://www.airliners.net/aircraft-data/eurocopter-ec-135635/206,Airliners.net
eurocopterkawasakibk117,https://www.airliners.net/aircraft-data/eurocopterkawasaki-bk-117/208,Airliners.net
extra230300200,https://www.airliners.net/aircraft-data/extra-230-300-200/209,Airliners.net
fairchildaerospacemetroiiiii23,https://www.airliners.net/aircraft-data/fairchild-aerospace-metro-ii-iii-23/215,Airliners.net
fairchilddornier328jet,https://www.airliners.net/aircraft-data/fairchild-dornier-328jet/213,Airliners.net
fairchilddornier728,https://www.airliners.net/aircraft-data/fairchild-dornier-728/214,Airliners.net
fairchildswearingenmerlin,https://www.airliners.net/aircraft-data/fairchild-swearingen-merlin/210,Airliners.net
ffaas202bravo,https://www.airliners.net/aircraft-data/ffa-as-202-bravo/216,Airliners.net
fokker100,https://www.airliners.net/aircraft-data/fokker-100/221,Airliners.net
fokker50,https://www.airliners.net/aircraft-data/fokker-50/218,Airliners.net
fokker70,https://www.airliners.net/aircraft-data/fokker-70/220,Airliners.net
fokkerf27fairchildf27fh227,https://www.airliners.net/aircraft-data/fokker-f-27-fairchild-f-27-fh-227/217,Airliners.net
fokkerf28fellowship,https://www.airliners.net/aircraft-data/fokker-f-28-fellowship/219,Airliners.net
fujifa200aerosubaru,https://www.airliners.net/aircraft-data/fuji-fa200-aero-subaru/222,Airliners.net
gafn22n24nomad,https://www.airliners.net/aircraft-data/gaf-n22-n24-nomad/223,Airliners.net
gippslandga200fatman,https://www.airliners.net/aircraft-data/gippsland-ga-200-fatman/225,Airliners.net
gippslandga8airvan,https://www.airliners.net/aircraft-data/gippsland-ga-8-airvan/227,Airliners.net
grobg115,https://www.airliners.net/aircraft-data/grob-g-115/228,Airliners.net
grobgf200,https://www.airliners.net/aircraft-data/grob-gf-200/229,Airliners.net
grummanamericanaa1,https://www.airliners.net/aircraft-data/grumman-american-aa-1/234,Airliners.net
grummanamericanaa5,https://www.airliners.net/aircraft-data/grumman-american-aa-5/235,Airliners.net
grummang1159gulfstreamiiiii,https://www.airliners.net/aircraft-data/grumman-g-1159-gulfstream-iiiii/237,Airliners.net
grummang159gulfstreami,https://www.airliners.net/aircraft-data/grumman-g-159-gulfstream-i/236,Airliners.net
grummang164agcat,https://www.airliners.net/aircraft-data/grumman-g-164-ag-cat/14,Airliners.net
grummang21goose,https://www.airliners.net/aircraft-data/grumman-g-21-goose/230,Airliners.net
grummang44widgeon,https://www.airliners.net/aircraft-data/grumman-g-44-widgeon/231,Airliners.net
grummang64111albatross,https://www.airliners.net/aircraft-data/grumman-g-64111-albatross/233,Airliners.net
grummang73mallard,https://www.airliners.net/aircraft-data/grumman-g-73-mallard/232,Airliners.net
gulfstreamaerospacegivgulfstreamiv,https://www.airliners.net/aircraft-data/gulfstream-aerospace-g-iv-gulfstream-iv/238,Airliners.net
gulfstreamaerospacegvgulfstreamv,https://www.airliners.net/aircraft-data/gulfstream-aerospace-g-v-gulfstream-v/239,Airliners.net
gulfstreamaerospacejetpropturbocommander,https://www.airliners.net/aircraft-data/gulfstream-aerospace-jetprop-turbo-commander/344,Airliners.net
handleypageherald,https://www.airliners.net/aircraft-data/handley-page-herald/240,Airliners.net
harbiny1112,https://www.airliners.net/aircraft-data/harbin-y-1112/241,Airliners.net
hawkersiddeleyhs125123400600,https://www.airliners.net/aircraft-data/hawker-siddeley-hs-125-123400600/242,Airliners.net
hawkersiddeleyhs748,https://www.airliners.net/aircraft-data/hawker-siddeley-hs-748/57,Airliners.net
heliocourier,https://www.airliners.net/aircraft-data/helio-courier/243,Airliners.net
hilleruh12,https://www.airliners.net/aircraft-data/hiller-uh12/244,Airliners.net
hindustanadvancedlighthelicopter,https://www.airliners.net/aircraft-data/hindustan-advanced-light-helicopter/245,Airliners.net
hondaha420hondajet,https://www.airliners.net/aircraft-data/honda-ha-420-hondajet/401,Airliners.net
iaiarava,https://www.airliners.net/aircraft-data/iai-arava/246,Airliners.net
iaiwestwind,https://www.airliners.net/aircraft-data/iai-westwind/247,Airliners.net
ilyushinil103,https://www.airliners.net/aircraft-data/ilyushin-il-103/255,Airliners.net
ilyushinil114,https://www.airliners.net/aircraft-data/ilyushin-il-114/256,Airliners.net
ilyushinil14,https://www.airliners.net/aircraft-data/ilyushin-il-14/248,Airliners.net
ilyushinil18,https://www.airliners.net/aircraft-data/ilyushin-il-18/249,Airliners.net
ilyushinil62,https://www.airliners.net/aircraft-data/ilyushin-il-62/250,Airliners.net
ilyushinil76,https://www.airliners.net/aircraft-data/ilyushin-il-76/251,Airliners.net
ilyushinil86,https://www.airliners.net/aircraft-data/ilyushin-il-86/252,Airliners.net
ilyushinil96300,https://www.airliners.net/aircraft-data/ilyushin-il-96-300/253,Airliners.net
ilyushinil96mil96t,https://www.airliners.net/aircraft-data/ilyushin-il-96m-il-96t/254,Airliners.net
iptnn250,https://www.airliners.net/aircraft-data/iptn-n-250/257,Airliners.net
israeliai1125astragulfstreamg100,https://www.airliners.net/aircraft-data/israel-iai-1125-astragulfstream-g100/224,Airliners.net
israeliai1126galaxygulfstreamg200,https://www.airliners.net/aircraft-data/israel-iai-1126-galaxygulfstream-g200/226,Airliners.net
kamank1200kmax,https://www.airliners.net/aircraft-data/kaman-k-1200-k-max/258,Airliners.net
kamovka26ka226,https://www.airliners.net/aircraft-data/kamov-ka26-ka-226/259,Airliners.net
kamovka32,https://www.airliners.net/aircraft-data/kamov-ka32/260,Airliners.net
kestrelk250,https://www.airliners.net/aircraft-data/kestrel-k250/261,Airliners.net
lakela4buccaneerrenegade,https://www.airliners.net/aircraft-data/lake-la4-buccaneer-renegade/262,Airliners.net
lancairlc40columbia300350400,https://www.airliners.net/aircraft-data/lancair-lc-40-columbia-300350400/263,Airliners.net
learjet2324252829,https://www.airliners.net/aircraft-data/lear-jet-2324252829/264,Airliners.net
learjet313536,https://www.airliners.net/aircraft-data/learjet-313536/265,Airliners.net
letl200morava,https://www.airliners.net/aircraft-data/let-l-200-morava/267,Airliners.net
letl40metasokol,https://www.airliners.net/aircraft-data/let-l-40-metasokol/266,Airliners.net
letl410l420,https://www.airliners.net/aircraft-data/let-l-410-l-420/50,Airliners.net
letl610,https://www.airliners.net/aircraft-data/let-l-610/51,Airliners.net
lockheedjetstar,https://www.airliners.net/aircraft-data/lockheed-jetstar/269,Airliners.net
lockheedl100hercules,https://www.airliners.net/aircraft-data/lockheed-l-100-hercules/270,Airliners.net
lockheedl1011tristar150100150200250,https://www.airliners.net/aircraft-data/lockheed-l-1011-tristar-150100150200250/271,Airliners.net
lockheedl1011tristar500,https://www.airliners.net/aircraft-data/lockheed-l-1011-tristar-500/272,Airliners.net
lockheedl188electra,https://www.airliners.net/aircraft-data/lockheed-l-188-electra/268,Airliners.net
luscombemodel8silvaire,https://www.airliners.net/aircraft-data/luscombe-model-8-silvaire/273,Airliners.net
luscombespartan,https://www.airliners.net/aircraft-data/luscombe-spartan/274,Airliners.net
maulem4tom7,https://www.airliners.net/aircraft-data/maule-m-4-to-m-7/275,Airliners.net
mcdonnelldouglasdc10boeingmd10,https://www.airliners.net/aircraft-data/mcdonnell-douglas-dc-10-boeing-md-10/279,Airliners.net
mcdonnelldouglasdc9102030,https://www.airliners.net/aircraft-data/mcdonnell-douglas-dc-9-102030/276,Airliners.net
mcdonnelldouglasdc94050,https://www.airliners.net/aircraft-data/mcdonnell-douglas-dc-9-4050/277,Airliners.net
mcdonnelldouglasmd11,https://www.airliners.net/aircraft-data/mcdonnell-douglas-md-11/112,Airliners.net
mcdonnelldouglasmd81828388,https://www.airliners.net/aircraft-data/mcdonnell-douglas-md-81828388/109,Airliners.net
mcdonnelldouglasmd87,https://www.airliners.net/aircraft-data/mcdonnell-douglas-md-87/278,Airliners.net
mcdonnelldouglasmd90,https://www.airliners.net/aircraft-data/mcdonnell-douglas-md-90/110,Airliners.net
mdhelicoptersmd500530,https://www.airliners.net/aircraft-data/md-helicopters-md-500530/113,Airliners.net
mdhelicoptersmd520n,https://www.airliners.net/aircraft-data/md-helicopters-md-520n/114,Airliners.net
mdhelicoptersmd600n,https://www.airliners.net/aircraft-data/md-helicopters-md-600n/115,Airliners.net
milmi26,https://www.airliners.net/aircraft-data/mil-mi-26/281,Airliners.net
milmi34,https://www.airliners.net/aircraft-data/mil-mi-34/282,Airliners.net
milmi817,https://www.airliners.net/aircraft-data/mil-mi-817/280,Airliners.net
millicerm10airtourer,https://www.airliners.net/aircraft-data/millicer-m10-airtourer/284,Airliners.net
mitsubishimu2,https://www.airliners.net/aircraft-data/mitsubishi-mu-2/288,Airliners.net
mooneym20tom20g,https://www.airliners.net/aircraft-data/mooney-m-20-to-m-20g/286,Airliners.net
mooneym20jtom20s,https://www.airliners.net/aircraft-data/mooney-m-20j-to-m-20s/285,Airliners.net
namcys11,https://www.airliners.net/aircraft-data/namc-ys-11/287,Airliners.net
noorduynnorseman,https://www.airliners.net/aircraft-data/noorduyn-norseman/290,Airliners.net
northamericanrockwell100darterlarkcommander,https://www.airliners.net/aircraft-data/north-american-rockwell-100-darterlark-commander/341,Airliners.net
northamericanryannavion,https://www.airliners.net/aircraft-data/north-americanryan-navion/289,Airliners.net
pacificaerospacect4airtrainer,https://www.airliners.net/aircraft-data/pacific-aerospace-ct-4-airtrainer/291,Airliners.net
pacificaerospacefletcherfu24cresco,https://www.airliners.net/aircraft-data/pacific-aerospace-fletcher-fu-24-cresco/292,Airliners.net
partenaviap68,https://www.airliners.net/aircraft-data/partenavia-p-68/293,Airliners.net
piaggiop166,https://www.airliners.net/aircraft-data/piaggio-p-166/294,Airliners.net
piaggiop180avanti,https://www.airliners.net/aircraft-data/piaggio-p180-avanti/295,Airliners.net
pilatuspc12,https://www.airliners.net/aircraft-data/pilatus-pc12/297,Airliners.net
pilatuspc6porterturboporter,https://www.airliners.net/aircraft-data/pilatus-pc6-porter-turbo-porter/296,Airliners.net
pipercub,https://www.airliners.net/aircraft-data/piper-cub/298,Airliners.net
piperpa18supercub,https://www.airliners.net/aircraft-data/piper-pa-18-super-cub/299,Airliners.net
piperpa2022pacertripacercaribbeancolt,https://www.airliners.net/aircraft-data/piper-pa-2022-pacertri-pacercaribbeancolt/300,Airliners.net
piperpa23apacheaztec,https://www.airliners.net/aircraft-data/piper-pa-23-apacheaztec/302,Airliners.net
piperpa24comanche,https://www.airliners.net/aircraft-data/piper-pa-24-comanche/301,Airliners.net
piperpa25pawnee,https://www.airliners.net/aircraft-data/piper-pa-25-pawnee/303,Airliners.net
piperpa28cherokeeseries,https://www.airliners.net/aircraft-data/piper-pa-28-cherokee-series/304,Airliners.net
piperpa28rcherokeearrow,https://www.airliners.net/aircraft-data/piper-pa-28r-cherokee-arrow/305,Airliners.net
piperpa3039twincomanche,https://www.airliners.net/aircraft-data/piper-pa-3039-twin-comanche/307,Airliners.net
piperpa31chieftainmojavet1020t1040,https://www.airliners.net/aircraft-data/piper-pa-31-chieftainmojavet-1020t-1040/312,Airliners.net
piperpa31navajopressurizednavajo,https://www.airliners.net/aircraft-data/piper-pa-31-navajopressurized-navajo/311,Airliners.net
piperpa31tcheyenne,https://www.airliners.net/aircraft-data/piper-pa-31t-cheyenne/313,Airliners.net
piperpa32cherokeesixlancesaratoga,https://www.airliners.net/aircraft-data/piper-pa-32-cherokee-six-lance-saratoga/306,Airliners.net
piperpa34seneca,https://www.airliners.net/aircraft-data/piper-pa-34-seneca/308,Airliners.net
piperpa36pawneebrave,https://www.airliners.net/aircraft-data/piper-pa-36-pawnee-brave/400,Airliners.net
piperpa38tomahawk,https://www.airliners.net/aircraft-data/piper-pa-38-tomahawk/309,Airliners.net
piperpa42cheyenneiii400,https://www.airliners.net/aircraft-data/piper-pa-42-cheyenne-iii400/314,Airliners.net
piperpa44seminole,https://www.airliners.net/aircraft-data/piper-pa-44-seminole/310,Airliners.net
piperpa46malibumeridian,https://www.airliners.net/aircraft-data/piper-pa-46-malibu-meridian/316,Airliners.net
piperpa46malibumalibumirage,https://www.airliners.net/aircraft-data/piper-pa-46-malibumalibu-mirage/315,Airliners.net
piperpa60aerostar,https://www.airliners.net/aircraft-data/piper-pa-60-aerostar/317,Airliners.net
pittss12special,https://www.airliners.net/aircraft-data/pitts-s-12-special/46,Airliners.net
pzlmielecm18dromader,https://www.airliners.net/aircraft-data/pzl-mielec-m-18-dromader/318,Airliners.net
pzlokeciepzl110111koliber,https://www.airliners.net/aircraft-data/pzl-okecie-pzl-110111-koliber/323,Airliners.net
pzlswidnikmilmi2kania,https://www.airliners.net/aircraft-data/pzl-swidnik-mil-mi2-kania/319,Airliners.net
pzlswidniksw4,https://www.airliners.net/aircraft-data/pzl-swidnik-sw4/321,Airliners.net
pzlswidnikw3sokol,https://www.airliners.net/aircraft-data/pzl-swidnik-w3-sokol/320,Airliners.net
pzlwarszawaokeciepzl104wilga,https://www.airliners.net/aircraft-data/pzl-warszawaokecie-pzl104-wilga/322,Airliners.net
raytheon390premieri,https://www.airliners.net/aircraft-data/raytheon-390-premier-i/334,Airliners.net
raytheon90100kingair,https://www.airliners.net/aircraft-data/raytheon-90100-king-air/327,Airliners.net
raytheonbeechcraft1900,https://www.airliners.net/aircraft-data/raytheon-beechcraft-1900/329,Airliners.net
raytheonbeechcraftbaron,https://www.airliners.net/aircraft-data/raytheon-beechcraft-baron/325,Airliners.net
raytheonbeechcraftbonanza,https://www.airliners.net/aircraft-data/raytheon-beechcraft-bonanza/324,Airliners.net
raytheonbeechcraftkingair200,https://www.airliners.net/aircraft-data/raytheon-beechcraft-king-air-200/328,Airliners.net
raytheonbeechcraftkingair300350,https://www.airliners.net/aircraft-data/raytheon-beechcraft-king-air-300-350/330,Airliners.net
raytheonbeechjet400,https://www.airliners.net/aircraft-data/raytheon-beechjet-400/326,Airliners.net
raytheonhawker1000,https://www.airliners.net/aircraft-data/raytheon-hawker-1000/332,Airliners.net
raytheonhawker800britishaerospacehs125700,https://www.airliners.net/aircraft-data/raytheon-hawker-800-british-aerospace-hs-125-700/331,Airliners.net
raytheonhawkerhorizon,https://www.airliners.net/aircraft-data/raytheon-hawker-horizon/333,Airliners.net
republicrc3seabee,https://www.airliners.net/aircraft-data/republic-rc3-seabee/335,Airliners.net
robindr400500,https://www.airliners.net/aircraft-data/robin-dr-400500/336,Airliners.net
robinhr200r2000alpha,https://www.airliners.net/aircraft-data/robin-hr-200-r-2000-alpha/337,Airliners.net
robinr3000,https://www.airliners.net/aircraft-data/robin-r-3000/338,Airliners.net
robinsonr44,https://www.airliners.net/aircraft-data/robinson-r-44/340,Airliners.net
robinsonr22,https://www.airliners.net/aircraft-data/robinson-r22/339,Airliners.net
rockwell500520560680685720commander,https://www.airliners.net/aircraft-data/rockwell-500520560680685720-commander/343,Airliners.net
rockwellcommander112114,https://www.airliners.net/aircraft-data/rockwell-commander-112-114/342,Airliners.net
rockwellsabreliner,https://www.airliners.net/aircraft-data/rockwell-sabreliner/345,Airliners.net
ruschmeyerr90,https://www.airliners.net/aircraft-data/ruschmeyer-r-90/346,Airliners.net
saab2000,https://www.airliners.net/aircraft-data/saab-2000/348,Airliners.net
saab340,https://www.airliners.net/aircraft-data/saab-340/347,Airliners.net
schweizer269300,https://www.airliners.net/aircraft-data/schweizer-269300/350,Airliners.net
schweizer330,https://www.airliners.net/aircraft-data/schweizer-330/349,Airliners.net
scottishaviationtwinpioneer,https://www.airliners.net/aircraft-data/scottish-aviation-twin-pioneer/351,Airliners.net
short330,https://www.airliners.net/aircraft-data/short-330/353,Airliners.net
short360,https://www.airliners.net/aircraft-data/short-360/354,Airliners.net
shortbelfast,https://www.airliners.net/aircraft-data/short-belfast/355,Airliners.net
shortskyvanskyliner,https://www.airliners.net/aircraft-data/short-skyvan-skyliner/352,Airliners.net
siaimarchettis205208,https://www.airliners.net/aircraft-data/siai-marchetti-s-205208/356,Airliners.net
sikorskys55westlandwhirlwind,https://www.airliners.net/aircraft-data/sikorsky-s-55-westland-whirlwind/357,Airliners.net
sikorskys76,https://www.airliners.net/aircraft-data/sikorsky-s-76/362,Airliners.net
sikorskys92helibus,https://www.airliners.net/aircraft-data/sikorsky-s-92-helibus/361,Airliners.net
sikorskys58,https://www.airliners.net/aircraft-data/sikorsky-s58/358,Airliners.net
sikorskys61ls61n,https://www.airliners.net/aircraft-data/sikorsky-s61l-s61n/359,Airliners.net
sikorskys62,https://www.airliners.net/aircraft-data/sikorsky-s62/360,Airliners.net
sinoswearingensj302,https://www.airliners.net/aircraft-data/sino-swearingen-sj-30-2/363,Airliners.net
slingsbyt67firefly,https://www.airliners.net/aircraft-data/slingsby-t-67-firefly/364,Airliners.net
socatagy80horizonst10diplomate,https://www.airliners.net/aircraft-data/socata-gy-80-horizon-st-10-diplomate/366,Airliners.net
socatams180ms250morane,https://www.airliners.net/aircraft-data/socata-ms-180-ms-250-morane/368,Airliners.net
socatarallye,https://www.airliners.net/aircraft-data/socata-rallye/365,Airliners.net
socatatangaragulfstreamga7,https://www.airliners.net/aircraft-data/socata-tangara-gulfstream-ga7/369,Airliners.net
socatatb9102021200tampicotobagotrinidad,https://www.airliners.net/aircraft-data/socata-tb-9102021200-tampicotobagotrinidad/367,Airliners.net
socatatbm700,https://www.airliners.net/aircraft-data/socata-tbm-700/370,Airliners.net
sudse210caravelle,https://www.airliners.net/aircraft-data/sud-se-210-caravelle/372,Airliners.net
sukhoisu26su29su31,https://www.airliners.net/aircraft-data/sukhoi-su26-su29-su31/371,Airliners.net
sukhoisuperjet100,https://www.airliners.net/aircraft-data/sukhoi-superjet-100/408,Airliners.net
taylorcraftseries,https://www.airliners.net/aircraft-data/taylorcraft-series/373,Airliners.net
technoaviasm92finist,https://www.airliners.net/aircraft-data/technoavia-sm92-finist/374,Airliners.net
transaviaairtrukskyfarmer,https://www.airliners.net/aircraft-data/transavia-airtruk-skyfarmer/379,Airliners.net
tupolevtu134,https://www.airliners.net/aircraft-data/tupolev-tu-134/375,Airliners.net
tupolevtu154,https://www.airliners.net/aircraft-data/tupolev-tu-154/376,Airliners.net
tupolevtu204tu214,https://www.airliners.net/aircraft-data/tupolev-tu-204-tu-214/377,Airliners.net
tupolevtu334,https://www.airliners.net/aircraft-data/tupolev-tu-334/378,Airliners.net
vickersvc10,https://www.airliners.net/aircraft-data/vickers-vc10/392,Airliners.net
vickersviscount,https://www.airliners.net/aircraft-data/vickers-viscount/380,Airliners.net
victaaircruiser,https://www.airliners.net/aircraft-data/victa-aircruiser/283,Airliners.net
victaairtourer,https://www.airliners.net/aircraft-data/victa-airtourer/381,Airliners.net
visionairevantage,https://www.airliners.net/aircraft-data/visionaire-vantage/382,Airliners.net
weatherly201620,https://www.airliners.net/aircraft-data/weatherly-201620/383,Airliners.net
yakovlevyak18t,https://www.airliners.net/aircraft-data/yakovlev-yak-18t/384,Airliners.net
yakovlevyak40,https://www.airliners.net/aircraft-data/yakovlev-yak-40/386,Airliners.net
yakovlevyak42,https://www.airliners.net/aircraft-data/yakovlev-yak-42/385,Airliners.net
zlintrenerakrobat,https://www.airliners.net/aircraft-data/zlin-trener-akrobat/387,Airliners.net
zlinz42z43z142z242z143,https://www.airliners.net/aircraft-data/zlin-z-42-z-43-z-142-z-242-z-143/388,Airliners.net
